mtllib Onlyshrimp.mtl
o mesh_0
usemtl main
v -0.35334905982017517 0.19581350684165955 0.426323801279068
v -0.35641059279441833 0.86104416847229 0.5556544065475464
v -0.4921783208847046 1.205824851989746 -0.31625470519065857
v -0.4891168177127838 0.2916963994503021 -0.5044662952423096
v 0.003077633213251829 0.2943456768989563 -0.5106213092803955
v -0.40923455357551575 0.3258603811264038 -0.511721134185791
v -0.000020796549506485462 0.32892170548439026 -0.5179636478424072
v 0.49523982405662537 0.2916963994503021 -0.5044662952423096
v 0.4921783208847046 1.205824851989746 -0.31625470519065857
v 0.35641059279441833 0.86104416847229 0.5556544065475464
v 0.3594721257686615 0.19581350684165955 0.426323801279068
v -0.2869647145271301 0.07445943355560303 0.8261387348175049
v -0.28945356607437134 0.6021002531051636 0.9312764406204224
v 0.003077663481235504 0.19730626046657562 0.43139562010765076
v -0.000020796549506485462 1.2195000648498535 -0.3201395869255066
v -0.000020796549506485462 0.8705606460571289 0.5622861385345459
v 0.40923455357551575 1.124854564666748 -0.3342406451702118
v 0.40923455357551575 0.3258603811264038 -0.511721134185791
v 0.5015006065368652 0.31858372688293457 -0.8782860040664673
v 0.5015006065368652 1.3192658424377441 -0.8101310729980469
v -0.000020796549506485462 1.1375532150268555 -0.33834245800971985
v -0.40923455357551575 1.124854564666748 -0.3342406451702118
v -0.000020796549506485462 1.3343093395233154 -0.8199728727340698
v 0.38601821660995483 1.2325531244277954 -0.8179782629013062
v -0.000020796549506485462 1.2465505599975586 -0.8279147148132324
v -0.5015006065368652 0.31858372688293457 -0.8782860040664673
v -0.000020796549506485462 0.32155728340148926 -0.8889498710632324
v -0.5015006065368652 1.3192658424377441 -0.8101310729980469
v -0.38601821660995483 0.38104885816574097 -0.8704389333724976
v -0.38601821660995483 1.2325531244277954 -0.8179782629013062
v -0.5041775703430176 1.227512240409851 -1.4098671674728394
v -0.5041775703430176 0.2744428515434265 -1.080570936203003
v 0.38601821660995483 0.38104885816574097 -0.8704389333724976
v -0.000020796549506485462 0.384775847196579 -0.8810081481933594
v -0.000020796549506485462 0.2768840193748474 -1.093674659729004
v -0.4338008761405945 0.31194835901260376 -1.0956411361694336
v -0.000020796549506485462 0.3148418664932251 -1.108926773071289
v 0.5041775703430176 0.2744428515434265 -1.080570936203003
v 0.5041775703430176 1.227512240409851 -1.4098671674728394
v -0.000020796549506485462 1.2414488792419434 -1.4269425868988037
v -0.0032085352577269077 1.1600573062896729 -1.4065055847167969
v 0.43065115809440613 1.1470906734466553 -1.3896735906600952
v 0.4436297118663788 0.600530743598938 -1.9745193719863892
v -0.0032085352577269077 0.6069050431251526 -1.9984054565429688
v -0.4369506239891052 1.1470906734466553 -1.3896735906600952
v 0.4338008761405945 0.31194835901260376 -1.0956411361694336
v 0.4467794597148895 0.2262830138206482 -1.145609736442566
v 0.350923091173172 0.24846526980400085 -1.1910169124603271
v 0.3482086658477783 0.5604243874549866 -1.8856889009475708
v -0.4499291777610779 0.600530743598938 -1.9745193719863892
v -0.4467794597148895 0.2262830138206482 -1.145609736442566
v -0.000020796549506485462 0.22814328968524933 -1.1594979763031006
v -0.00011975737288594246 0.2505930960178375 -1.2054529190063477
v -0.35111862421035767 0.24846526980400085 -1.1910169124603271
v -0.4248695969581604 0.019972801208496094 -1.089657187461853
v -0.00009924743790179491 0.019344639033079147 -1.1028704643249512
v -0.0028668930754065514 0.5663149356842041 -1.908503532409668
v -0.35383304953575134 0.5604243874549866 -1.8856889009475708
v 0.4310013949871063 -0.060179173946380615 -1.7994983196258545
v 0.4247145354747772 0.019972801208496094 -1.089657187461853
v 0.3420915901660919 0.012119889259338379 -1.1592046022415161
v 0.34714654088020325 -0.0523262619972229 -1.7299506664276123
v 0.006263411603868008 -0.06177408993244171 -1.8212735652923584
v -0.4185827374458313 -0.060179173946380615 -1.7994983196258545
v 0.005640027578920126 -0.0538264662027359 -1.7508869171142578
v 0.38299956917762756 -0.561947226524353 -1.5118688344955444
v 0.005906537175178528 -0.5695942640304565 -1.530174732208252
v -0.3410147726535797 0.012119889259338379 -1.1592046022415161
v 0.00052410620264709 0.01139700785279274 -1.1732566356658936
v -0.3359598219394684 -0.0523262619972229 -1.7299506664276123
v 0.2795804738998413 -0.5291726589202881 -1.4304122924804688
v 0.005137743428349495 -0.5364243984222412 -1.4477357864379883
v -0.37128615379333496 -0.561947226524353 -1.5118688344955444
v -0.3768678307533264 -0.32113808393478394 -0.9133704900741577
v 0.3774178922176361 -0.32113808393478394 -0.9133704900741577
v 0.00025756657123565674 -0.32588058710098267 -0.9244575500488281
v 0.3486748933792114 -0.977881669998169 -0.8314099311828613
v 0.006656932178884745 -0.990545392036438 -0.8415083885192871
v -0.2693863809108734 -0.5291726589202881 -1.4304122924804688
v -0.27344873547554016 -0.3539125919342041 -0.9948270320892334
v 0.27551814913749695 -0.3539125919342041 -0.9948270320892334
v 0.0010263904696330428 -0.3590504229068756 -1.006896734237671
v 0.34261128306388855 -0.6773960590362549 -0.609952449798584
v 0.2893783152103424 -0.7453844547271729 -0.6404494047164917
v 0.2946482300758362 -0.9175487756729126 -0.8009130954742432
v -0.33547863364219666 -0.977881669998169 -0.8314099311828613
v -0.34154224395751953 -0.6773960590362549 -0.609952449798584
v 0.0005201550666242838 -0.6864355802536011 -0.6173797845840454
v 0.00026902800891548395 0.6084935069084167 0.9424387812614441
v -0.24652348458766937 0.4756050705909729 1.1222869157791138
v 0.0004548246506601572 0.4804725646972656 1.1357531547546387
v 0.2925150990486145 0.07445943355560303 0.8261387348175049
v 0.002787868957966566 0.07448846846818924 0.8360329270362854
v -0.2548034191131592 0.8259363174438477 0.6104074716567993
v 0.000020494917407631874 0.8350293636322021 0.6176996231079102
v 0.2900262773036957 0.6021002531051636 0.9312764406204224
v 0.24958501756191254 -0.016539812088012695 1.0438348054885864
v 0.2474633902311325 0.4756050705909729 1.1222869157791138
v 0.12733769416809082 0.0043523311614990234 1.6531825065612793
v 0.1284230351448059 -0.20999407768249512 1.5591169595718384
v 0.2598116099834442 0.4710466265678406 1.0444555282592773
v 0.2789468765258789 0.5279158353805542 0.9585817456245422
v 0.0026020421646535397 -0.01760837435722351 1.0563547611236572
v -0.24440184235572815 -0.016539812088012695 1.0438348054885864
v -0.25675007700920105 0.24979005753993988 1.0091853141784668
v -0.27588534355163574 0.29070115089416504 0.9113143682479858
v 0.000979217467829585 0.0035357624292373657 1.6730520725250244
v -0.12536151707172394 0.0043523311614990234 1.6531825065612793
v -0.04610764980316162 0.0043523311614990234 1.6535210609436035
v 0.0013222398702055216 0.0035357624292373657 1.6733946800231934
v 0.002077641896903515 -0.21339601278305054 1.5778520107269287
v -0.12427616864442825 -0.20999407768249512 1.5591169595718384
v 0.006255297921597958 -0.9294849634170532 -0.81064373254776
v 0.44518572092056274 -1.086477279663086 0.23427388072013855
v 0.001018759561702609 -1.0970704555511475 0.2437470704317093
v -0.2875155806541443 -0.7453844547271729 -0.6404494047164917
v 0.0009217893821187317 -0.7552440762519836 -0.6482445597648621
v 0.3422752022743225 -1.1751612424850464 0.00700947642326355
v 0.00018005073070526123 -1.1902046203613281 0.007023682817816734
v -0.2822456657886505 -0.9175487756729126 -0.8009130954742432
v -0.00106035266071558 -0.8614699244499207 0.4313550293445587
v 0.44313138723373413 -0.853684663772583 0.41964593529701233
v -0.44313138723373413 -1.079796552658081 0.2475493848323822
v -0.44518572092056274 -0.8470040559768677 0.43292149901390076
v 0.28824853897094727 -1.1264058351516724 0.037506282329559326
v -0.0002216137945652008 -1.1408612728118896 0.03788832947611809
v -0.2886453866958618 -1.1264058351516724 0.037506282329559326
v -0.34187832474708557 -1.1751612424850464 0.00700947642326355
v -0.20692715048789978 0.6407837271690369 0.8789883852005005
v -0.1114531010389328 0.4756874442100525 1.1836434602737427
v -0.1372550129890442 0.5829819440841675 1.1305263042449951
v 0.2548850178718567 0.8259363174438477 0.6104074716567993
v 0.20741824805736542 0.6407837271690369 0.8789883852005005
v 0.00022772140800952911 0.647643506526947 0.8895200490951538
v 0.11184979975223541 0.4756874442100525 1.1836434602737427
v 0.13743099570274353 0.5829819440841675 1.1305263042449951
v 0.07779692113399506 0.4005906581878662 1.4253307580947876
v 0.06332749873399734 0.3333095610141754 1.4330151081085205
v 0.00006825604941695929 0.5891445875167847 1.1440918445587158
v 0.0001799451420083642 0.480555921792984 1.1978497505187988
v 0.00015568756498396397 0.33646073937416077 1.4502291679382324
v 0.03499220684170723 0.16950500011444092 1.6771974563598633
v 0.0001415228471159935 0.170680433511734 1.6973567008972168
v -0.06297874450683594 0.3333095610141754 1.4330151081085205
v -0.0775730088353157 0.4005906581878662 1.4253307580947876
v 0.0000925061758607626 0.4045533537864685 1.4424521923065186
v 0.00010667461901903152 0.20823659002780914 1.6930675506591797
v -0.042720843106508255 0.20661357045173645 1.672959327697754
v -0.004518247675150633 0.14546555280685425 1.709610104560852
v 0.00012220325879752636 0.14635103940963745 1.7301604747772217
v -0.034671440720558167 0.16950500011444092 1.6771974563598633
v 0.04297274723649025 0.20661357045173645 1.672959327697754
v -0.01690143719315529 -0.043613433837890625 1.8089121580123901
v 0.0014486460713669658 -0.045008547604084015 1.830660343170166
v 0.04876171052455902 0.0043523311614990234 1.6535210609436035
v 0.04916916787624359 -0.07692646980285645 1.61820650100708
v 0.0017346155364066362 -0.07872338593006134 1.6376543045043945
v -0.04570018872618675 -0.07692646980285645 1.61820650100708
v 0.01996295154094696 -0.07483446598052979 1.7952483892440796
v 0.0198052991181612 -0.043613433837890625 1.8089121580123901
v 0.007977914065122604 -0.16063600778579712 1.986182689666748
v 0.008033533580601215 -0.17165058851242065 1.9813621044158936
v 0.0016082056099548936 -0.0766061544418335 1.8168315887451172
v -0.016743777319788933 -0.07483446598052979 1.7952483892440796
v 0.001556572038680315 -0.17459003627300262 2.005190134048462
v 0.0015002820873633027 -0.16344259679317474 2.010068893432617
v -0.004972013179212809 -0.16063600778579712 1.986182689666748
v -0.004916394129395485 -0.17165058851242065 1.9813621044158936
v -0.003642885247245431 0.14142334461212158 1.7100086212158203
v 0.00012599187903106213 0.14226007461547852 1.7305636405944824
v 0.00480083841830492 0.14546555280685425 1.709610104560852
v 0.003932963125407696 0.14142334461212158 1.7100086212158203
v -0.2577039301395416 0.4710466265678406 1.0444555282592773
v -0.41587111353874207 0.4271865785121918 1.126197338104248
v -0.4151991903781891 0.27133166790008545 1.1013529300689697
v -0.27700427174568176 0.5279158353805542 0.9585817456245422
v -0.4294664263725281 0.4672456979751587 1.0657072067260742
v 0.2607654631137848 0.24979005753993988 1.0091853141784668
v 0.2800658047199249 0.29070115089416504 0.9113143682479858
v 0.4621802568435669 0.30155807733535767 1.03314208984375
v 0.4613921046257019 0.4686540365219116 1.0664377212524414
v 0.4479130506515503 0.4285948872566223 1.1269278526306152
v 0.4485849440097809 0.2727400064468384 1.1020832061767578
v -0.4286782443523407 0.3001497685909271 1.032411813735962
v 0.2629142999649048 0.23650529980659485 -0.5867597460746765
v 0.17895159125328064 0.45571696758270264 -0.8131640553474426
v 0.1860191524028778 0.4264143705368042 -0.9751752614974976
v 0.2673893868923187 0.21795134246349335 -0.689342737197876
v 0.3462168872356415 0.4650527834892273 -0.9751752614974976
v 0.3688240945339203 0.24241656064987183 -0.689342737197876
v 0.3391492962837219 0.49435538053512573 -0.8131640553474426
v 0.36434900760650635 0.26097050309181213 -0.5867597460746765
v 0.413765013217926 0.007454425096511841 -0.5739796161651611
v 0.3345005214214325 -0.0116635262966156 -0.5739796161651611
v 0.41026806831359863 0.021953105926513672 -0.49381786584854126
v 0.3310035467147827 0.0028351545333862305 -0.49381786584854126
v 0.36600208282470703 -0.22029417753219604 -0.36863747239112854
v 0.4808342754840851 -0.1925976276397705 -0.36863744258880615
v 0.4859004616737366 -0.2136021852493286 -0.48476964235305786
v 0.47478625178337097 -0.28891807794570923 -0.3636128604412079
v 0.4774109125137329 -0.2998000979423523 -0.4237784445285797
v 0.37106823921203613 -0.24129873514175415 -0.48476967215538025
v 0.4179188311100006 -0.31414908170700073 -0.4237784743309021
v 0.41529417037963867 -0.30326706171035767 -0.3636128902435303
v -0.2629142999649048 0.23650529980659485 -0.5867597460746765
v -0.26738935708999634 0.21795134246349335 -0.689342737197876
v -0.18601912260055542 0.4264143705368042 -0.9751752614974976
v -0.17895156145095825 0.45571696758270264 -0.8131640553474426
v -0.3688240647315979 0.24241656064987183 -0.689342737197876
v -0.3462168574333191 0.4650527834892273 -0.9751752614974976
v -0.36434900760650635 0.26097050309181213 -0.5867597460746765
v -0.3391492962837219 0.49435538053512573 -0.8131640553474426
v -0.3345004916191101 -0.0116635262966156 -0.5739796161651611
v -0.413765013217926 0.007454425096511841 -0.5739796161651611
v -0.41026806831359863 0.021953105926513672 -0.49381786584854126
v -0.48083430528640747 -0.1925976276397705 -0.36863744258880615
v -0.36600208282470703 -0.22029417753219604 -0.36863747239112854
v -0.3310035467147827 0.0028351545333862305 -0.49381786584854126
v -0.4859004616737366 -0.2136021852493286 -0.48476964235305786
v -0.4774109125137329 -0.2998000979423523 -0.4237784445285797
v -0.4747862219810486 -0.28891807794570923 -0.3636128604412079
v -0.37106823921203613 -0.24129873514175415 -0.48476967215538025
v -0.417918860912323 -0.31414908170700073 -0.4237784743309021
v -0.41529417037963867 -0.30326706171035767 -0.3636128902435303
v 0.23893070220947266 0.19485317915678024 -0.42716777324676514
v 0.20870667695999146 0.4567376375198364 -0.6191715598106384
v 0.20870670676231384 0.4493096172809601 -0.7837955355644226
v 0.23893070220947266 0.19014988094568253 -0.531404972076416
v 0.37349820137023926 0.4493096172809601 -0.7837955355644226
v 0.3432741165161133 0.19014988094568253 -0.531404972076416
v 0.3734981417655945 0.4567376375198364 -0.6191715598106384
v 0.3432741165161133 0.19485317915678024 -0.42716771364212036
v 0.3318711519241333 -0.06246751546859741 -0.45022648572921753
v 0.25033366680145264 -0.06246751546859741 -0.4502265155315399
v 0.3318710923194885 -0.05879220366477966 -0.3687719404697418
v 0.25033360719680786 -0.05879220366477966 -0.3687719702720642
v 0.23203983902931213 -0.2990674376487732 -0.2759557366371155
v 0.35016489028930664 -0.2990674376487732 -0.2759557068347931
v 0.3501649498939514 -0.3043919801712036 -0.39396077394485474
v 0.32170140743255615 -0.39109259843826294 -0.2837437093257904
v 0.32170140743255615 -0.3938511312007904 -0.3448795676231384
v 0.23203986883163452 -0.3043919801712036 -0.3939608335494995
v 0.260503351688385 -0.3938511312007904 -0.3448795676231384
v 0.260503351688385 -0.39109259843826294 -0.2837437093257904
v -0.23893067240715027 0.19485317915678024 -0.42716777324676514
v -0.23893067240715027 0.19014988094568253 -0.531404972076416
v -0.20870670676231384 0.4493096172809601 -0.7837955355644226
v -0.20870667695999146 0.4567376375198364 -0.6191715598106384
v -0.3432741165161133 0.19014988094568253 -0.531404972076416
v -0.37349820137023926 0.4493096172809601 -0.7837955355644226
v -0.3432741165161133 0.19485317915678024 -0.42716771364212036
v -0.37349820137023926 0.4567376375198364 -0.6191715598106384
v -0.25033366680145264 -0.06246751546859741 -0.4502265155315399
v -0.3318711519241333 -0.06246751546859741 -0.45022648572921753
v -0.3318711519241333 -0.05879220366477966 -0.3687719404697418
v -0.3501649498939514 -0.2990674376487732 -0.2759557068347931
v -0.23203983902931213 -0.2990674376487732 -0.2759557366371155
v -0.25033366680145264 -0.05879220366477966 -0.3687719702720642
v -0.3501650094985962 -0.3043919801712036 -0.39396077394485474
v -0.32170140743255615 -0.3938511312007904 -0.3448795676231384
v -0.32170140743255615 -0.39109259843826294 -0.2837437093257904
v -0.2320398986339569 -0.3043919801712036 -0.3939608335494995
v -0.2605034112930298 -0.3938511312007904 -0.3448795676231384
v -0.2605034112930298 -0.39109259843826294 -0.2837437093257904
v 0.2600156366825104 0.10021965205669403 -0.7335994243621826
v 0.1674186885356903 0.3715322017669678 -0.9508039951324463
v 0.1752130389213562 0.3620070815086365 -1.1321243047714233
v 0.2649509310722351 0.09418851137161255 -0.8484086990356445
v 0.35188451409339905 0.40427857637405396 -1.1267502307891846
v 0.3768165409564972 0.12095414102077484 -0.845005989074707
v 0.34409016370773315 0.41380369663238525 -0.9454300403594971
v 0.37188127636909485 0.12698529660701752 -0.7301967740058899
v 0.42637893557548523 -0.15214604139328003 -0.7514744400978088
v 0.3389633595943451 -0.1730615794658661 -0.7541333436965942
v 0.42252233624458313 -0.1474330872297287 -0.661758542060852
v 0.3351067900657654 -0.16834867000579834 -0.6644175052642822
v 0.37370434403419495 -0.42986881732940674 -0.558499813079834
v 0.5003451108932495 -0.39956796169281006 -0.55464768409729
v 0.5059322714805603 -0.40639573335647583 -0.6846209764480591
v 0.49367520213127136 -0.5056441426277161 -0.5625470876693726
v 0.49656975269317627 -0.5091814994812012 -0.6298834085464478
v 0.37929147481918335 -0.43669652938842773 -0.688473105430603
v 0.43095988035202026 -0.5248796343803406 -0.6318790912628174
v 0.42806532979011536 -0.5213422775268555 -0.5645427703857422
v -0.26001566648483276 0.10021965205669403 -0.7335994243621826
v -0.2649509310722351 0.09418851137161255 -0.8484086990356445
v -0.1752130389213562 0.3620070815086365 -1.1321243047714233
v -0.16741865873336792 0.3715322017669678 -0.9508039951324463
v -0.3768165707588196 0.12095414102077484 -0.845005989074707
v -0.35188454389572144 0.40427857637405396 -1.1267502307891846
v -0.37188130617141724 0.12698529660701752 -0.7301967740058899
v -0.34409016370773315 0.41380369663238525 -0.9454300403594971
v -0.3389633297920227 -0.1730615794658661 -0.7541333436965942
v -0.42637890577316284 -0.15214604139328003 -0.7514744400978088
v -0.4225223660469055 -0.1474330872297287 -0.661758542060852
v -0.5003451108932495 -0.39956796169281006 -0.55464768409729
v -0.37370437383651733 -0.42986881732940674 -0.558499813079834
v -0.3351067900657654 -0.16834867000579834 -0.6644175052642822
v -0.5059322714805603 -0.40639573335647583 -0.6846209764480591
v -0.49656975269317627 -0.5091814994812012 -0.6298834085464478
v -0.493675172328949 -0.5056441426277161 -0.5625470876693726
v -0.37929147481918335 -0.43669652938842773 -0.688473105430603
v -0.43095988035202026 -0.5248796343803406 -0.6318790912628174
v -0.42806535959243774 -0.5213422775268555 -0.5645427703857422
v 0.22676581144332886 0.22766736149787903 -0.718657374382019
v 0.2352774739265442 0.44648486375808716 -1.0039799213409424
v 0.2144511342048645 0.38900721073150635 -1.1751264333724976
v 0.21357890963554382 0.19127342104911804 -0.8270246982574463
v 0.39077770709991455 0.3455270528793335 -1.1819807291030884
v 0.3252261281013489 0.16374243795871735 -0.8313648104667664
v 0.41160404682159424 0.4030047059059143 -1.0108342170715332
v 0.3384130597114563 0.20013639330863953 -0.7229974865913391
v 0.2615886330604553 -0.06813156604766846 -0.6641135215759277
v 0.17434370517730713 -0.04661795496940613 -0.660722017288208
v 0.27189332246780396 -0.03969210386276245 -0.5794315934181213
v 0.18464842438697815 -0.018178492784500122 -0.5760401487350464
v 0.11795520782470703 -0.23203378915786743 -0.40020209550857544
v 0.24434882402420044 -0.2632010579109192 -0.40511542558670044
v 0.22942018508911133 -0.3044019937515259 -0.5277959108352661
v 0.19083482027053833 -0.3525683879852295 -0.38255929946899414
v 0.1831006407737732 -0.3739137053489685 -0.4461174011230469
v 0.10302658379077911 -0.2732347249984741 -0.5228826403617859
v 0.11761884391307831 -0.35776662826538086 -0.44357192516326904
v 0.12535303831100464 -0.33642131090164185 -0.3800138235092163
v -0.22676581144332886 0.22766736149787903 -0.718657374382019
v -0.21357890963554382 0.19127342104911804 -0.8270246982574463
v -0.2144511342048645 0.38900721073150635 -1.1751264333724976
v -0.2352774739265442 0.44648486375808716 -1.0039799213409424
v -0.32522618770599365 0.16374243795871735 -0.8313648104667664
v -0.39077770709991455 0.3455270528793335 -1.1819807291030884
v -0.3384131193161011 0.20013639330863953 -0.7229974865913391
v -0.41160404682159424 0.4030047059059143 -1.0108342170715332
v -0.17434370517730713 -0.04661795496940613 -0.660722017288208
v -0.2615886926651001 -0.06813156604766846 -0.6641135215759277
v -0.27189338207244873 -0.03969210386276245 -0.5794315934181213
v -0.24434885382652283 -0.2632010579109192 -0.40511542558670044
v -0.11795520782470703 -0.23203378915786743 -0.40020209550857544
v -0.18464842438697815 -0.018178492784500122 -0.5760401487350464
v -0.22942018508911133 -0.3044019937515259 -0.5277959108352661
v -0.1831006407737732 -0.3739137053489685 -0.4461174011230469
v -0.19083482027053833 -0.3525683879852295 -0.38255929946899414
v -0.10302659869194031 -0.2732347249984741 -0.5228826403617859
v -0.11761882901191711 -0.35776662826538086 -0.44357192516326904
v -0.12535303831100464 -0.33642131090164185 -0.3800138235092163
v 0.3319993019104004 0.17325043678283691 0.004524167627096176
v 0.3155404329299927 0.24252945184707642 0.03812992945313454
v 0.24264085292816162 0.4339088201522827 -0.3557093143463135
v 0.263624906539917 0.3455823063850403 -0.39855462312698364
v 0.31727758049964905 0.4530530571937561 -0.3585990071296692
v 0.33826160430908203 0.36472654342651367 -0.40144437551498413
v 0.3740818202495575 0.25754523277282715 0.03586336970329285
v 0.3905406892299652 0.18826626241207123 0.0022576116025447845
v 0.39481034874916077 0.05225200951099396 0.4349291920661926
v 0.364478200674057 0.12680968642234802 0.42554426193237305
v 0.42500394582748413 0.05999663472175598 0.43376022577285767
v 0.4880788028240204 -0.23775139451026917 0.2844318747520447
v 0.4718886613845825 -0.2419041395187378 0.2850587069988251
v 0.4150146245956421 0.1397722363471985 0.4235876798629761
v 0.4324996769428253 0.038123130798339844 0.48252832889556885
v 0.4275605380535126 0.10316155850887299 0.5052131414413452
v 0.3770241141319275 0.09019899368286133 0.507169783115387
v 0.40230605006217957 0.03037850558757782 0.4836973547935486
v 0.49209803342819214 -0.24948012828826904 0.3105817437171936
v 0.5261262655258179 -0.4196251630783081 0.10695689916610718
v 0.5229002237319946 -0.41021108627319336 0.08596785366535187
v 0.47590792179107666 -0.25363290309906006 0.31120866537094116
v 0.5318896770477295 -0.48183679580688477 -0.07532592117786407
v 0.5301183462142944 -0.4766678214073181 -0.08685049414634705
v 0.5099054574966431 -0.41354429721832275 0.08647097647190094
v 0.5131313800811768 -0.4229583144187927 0.10746000707149506
v 0.522983193397522 -0.4784979820251465 -0.0865742415189743
v 0.5247546434402466 -0.48366695642471313 -0.07504968345165253
v -0.3319993317127228 0.17325043678283691 0.004524167627096176
v -0.2636249363422394 0.3455823063850403 -0.39855462312698364
v -0.242640882730484 0.4339088201522827 -0.3557093143463135
v -0.31554046273231506 0.24252945184707642 0.03812992945313454
v -0.3382616341114044 0.36472654342651367 -0.40144437551498413
v -0.31727758049964905 0.4530530571937561 -0.3585990071296692
v -0.3905406892299652 0.18826626241207123 0.0022576116025447845
v -0.3740818202495575 0.25754523277282715 0.03586336970329285
v -0.364478200674057 0.12680968642234802 0.42554426193237305
v -0.39481034874916077 0.05225200951099396 0.4349291920661926
v -0.4718886911869049 -0.2419041395187378 0.2850587069988251
v -0.4880788028240204 -0.23775139451026917 0.2844318747520447
v -0.42500391602516174 0.05999663472175598 0.43376022577285767
v -0.4150146543979645 0.1397722363471985 0.4235876798629761
v -0.4324996769428253 0.038123130798339844 0.48252832889556885
v -0.40230605006217957 0.03037850558757782 0.4836973547935486
v -0.3770240843296051 0.09019899368286133 0.507169783115387
v -0.4275605380535126 0.10316155850887299 0.5052131414413452
v -0.5229002237319946 -0.41021108627319336 0.08596785366535187
v -0.5261262655258179 -0.4196251630783081 0.10695689916610718
v -0.49209800362586975 -0.24948012828826904 0.3105817437171936
v -0.47590795159339905 -0.25363290309906006 0.31120866537094116
v -0.5301183462142944 -0.4766678214073181 -0.08685049414634705
v -0.5318896770477295 -0.48183679580688477 -0.07532592117786407
v -0.5099054574966431 -0.41354429721832275 0.08647097647190094
v -0.5131313800811768 -0.4229583144187927 0.10746000707149506
v -0.522983193397522 -0.4784979820251465 -0.0865742415189743
v -0.5247546434402466 -0.48366695642471313 -0.07504968345165253
v 0.3179073631763458 0.1542363166809082 -0.17100894451141357
v 0.3179073631763458 0.22645631432533264 -0.13965900242328644
v 0.30959174036979675 0.41731542348861694 -0.5402871370315552
v 0.30959174036979675 0.32523924112319946 -0.580256462097168
v 0.38671407103538513 0.41731542348861694 -0.5402871370315552
v 0.38671407103538513 0.32523924112319946 -0.580256462097168
v 0.3783983290195465 0.22645631432533264 -0.13965900242328644
v 0.3783983290195465 0.1542363166809082 -0.17100894451141357
v 0.3325532078742981 0.035183683037757874 0.264182984828949
v 0.3220430910587311 0.1145816445350647 0.25187426805496216
v 0.3637523353099823 0.035183683037757874 0.264182984828949
v 0.3565174341201782 -0.27346575260162354 0.12421801686286926
v 0.33978819847106934 -0.27346575260162354 0.12421801686286926
v 0.3742625117301941 0.1145816445350647 0.25187426805496216
v 0.3637523353099823 0.013695359230041504 0.3136850595474243
v 0.3742624819278717 0.07861563563346863 0.3347282409667969
v 0.3220430612564087 0.07861563563346863 0.3347282409667969
v 0.3325532078742981 0.013695359230041504 0.3136850595474243
v 0.3565174341201782 -0.2849879860877991 0.15076136589050293
v 0.3548666536808014 -0.464613676071167 -0.047442905604839325
v 0.3548666536808014 -0.4553654193878174 -0.06874784082174301
v 0.33978819847106934 -0.2849879860877991 0.15076136589050293
v 0.3518392741680145 -0.532058835029602 -0.22789382934570312
v 0.3518392741680145 -0.5269808173179626 -0.2395917773246765
v 0.34143903851509094 -0.4553654193878174 -0.06874784082174301
v 0.34143903851509094 -0.464613676071167 -0.04744291305541992
v 0.3444664776325226 -0.5269808173179626 -0.2395917773246765
v 0.3444664776325226 -0.532058835029602 -0.22789382934570312
v -0.3179073631763458 0.1542363166809082 -0.17100894451141357
v -0.30959174036979675 0.32523924112319946 -0.580256462097168
v -0.30959174036979675 0.41731542348861694 -0.5402871370315552
v -0.3179073631763458 0.22645631432533264 -0.13965900242328644
v -0.38671407103538513 0.32523924112319946 -0.580256462097168
v -0.38671407103538513 0.41731542348861694 -0.5402871370315552
v -0.3783983290195465 0.1542363166809082 -0.17100894451141357
v -0.3783983290195465 0.22645631432533264 -0.13965900242328644
v -0.3220430910587311 0.1145816445350647 0.25187426805496216
v -0.3325532376766205 0.035183683037757874 0.264182984828949
v -0.33978816866874695 -0.27346575260162354 0.12421801686286926
v -0.35651740431785583 -0.27346575260162354 0.12421801686286926
v -0.3637523353099823 0.035183683037757874 0.264182984828949
v -0.3742625415325165 0.1145816445350647 0.25187426805496216
v -0.3637523353099823 0.013695359230041504 0.3136850595474243
v -0.3325532376766205 0.013695359230041504 0.3136850595474243
v -0.3220430314540863 0.07861563563346863 0.3347282409667969
v -0.3742624819278717 0.07861563563346863 0.3347282409667969
v -0.3548666536808014 -0.4553654193878174 -0.06874784082174301
v -0.3548666536808014 -0.464613676071167 -0.047442905604839325
v -0.35651740431785583 -0.2849879860877991 0.15076136589050293
v -0.33978816866874695 -0.2849879860877991 0.15076136589050293
v -0.3518392741680145 -0.5269808173179626 -0.2395917773246765
v -0.3518392741680145 -0.532058835029602 -0.22789382934570312
v -0.34143903851509094 -0.4553654193878174 -0.06874784082174301
v -0.34143903851509094 -0.464613676071167 -0.04744291305541992
v -0.3444664776325226 -0.5269808173179626 -0.2395917773246765
v -0.3444664776325226 -0.532058835029602 -0.22789382934570312
v 0.23871542513370514 0.14757850766181946 0.15942959487438202
v 0.2033407837152481 0.21166224777698517 0.188583642244339
v 0.1824108362197876 0.4020082950592041 -0.21313977241516113
v 0.22751133143901825 0.3203054666519165 -0.25030946731567383
v 0.2509746253490448 0.434134840965271 -0.19962012767791748
v 0.29607507586479187 0.3524319529533386 -0.23678982257843018
v 0.2571188509464264 0.23686069250106812 0.1991877257823944
v 0.29249343276023865 0.1727769523859024 0.17003367841243744
v 0.221022829413414 0.01950947195291519 0.6466649174690247
v 0.18904034793376923 0.09185513854026794 0.5786310434341431
v 0.25063422322273254 0.028939813375473022 0.6461043357849121
v 0.3254910409450531 -0.2161714732646942 0.8691552877426147
v 0.3096131384372711 -0.22122815251350403 0.8694558143615723
v 0.23546479642391205 0.11360791325569153 0.5877851247787476
v 0.2405461221933365 0.06359565258026123 0.6863741874694824
v 0.23679892718791962 0.07671362161636353 0.6704769134521484
v 0.19037450850009918 0.05496083199977875 0.661322832107544
v 0.21093471348285675 0.05416533350944519 0.6869348883628845
v 0.3200816810131073 -0.1975887417793274 0.8907482624053955
v 0.39716657996177673 -0.4410814642906189 0.9717404842376709
v 0.4015083611011505 -0.4559968113899231 0.9544090032577515
v 0.3042038381099701 -0.20264533162117004 0.8910490274429321
v 0.45206156373023987 -0.6255236864089966 0.9579006433486938
v 0.4544454514980316 -0.6337133646011353 0.9483845233917236
v 0.38876405358314514 -0.46005547046661377 0.9546502828598022
v 0.38442233204841614 -0.44514018297195435 0.9719820022583008
v 0.44744786620140076 -0.6359418630599976 0.9485169649124146
v 0.44506391882896423 -0.6277523040771484 0.9580334424972534
v -0.23871544003486633 0.14757850766181946 0.15942959487438202
v -0.22751131653785706 0.3203054666519165 -0.25030946731567383
v -0.18241086602210999 0.4020082950592041 -0.21313977241516113
v -0.2033407986164093 0.21166224777698517 0.188583642244339
v -0.2960750162601471 0.3524319529533386 -0.23678982257843018
v -0.2509745657444 0.434134840965271 -0.19962012767791748
v -0.29249337315559387 0.1727769523859024 0.17003367841243744
v -0.2571188509464264 0.23686069250106812 0.1991877257823944
v -0.18904033303260803 0.09185513854026794 0.5786310434341431
v -0.2210228145122528 0.01950947195291519 0.6466649174690247
v -0.3096131384372711 -0.22122815251350403 0.8694558143615723
v -0.3254909813404083 -0.2161714732646942 0.8691552877426147
v -0.25063422322273254 0.028939813375473022 0.6461043357849121
v -0.23546478152275085 0.11360791325569153 0.5877851247787476
v -0.24054613709449768 0.06359565258026123 0.6863741874694824
v -0.21093472838401794 0.05416533350944519 0.6869348883628845
v -0.19037452340126038 0.05496083199977875 0.661322832107544
v -0.23679891228675842 0.07671362161636353 0.6704769134521484
v -0.4015083611011505 -0.4559968113899231 0.9544090032577515
v -0.39716652035713196 -0.4410814642906189 0.9717404842376709
v -0.3200816214084625 -0.1975887417793274 0.8907482624053955
v -0.3042037785053253 -0.20264533162117004 0.8910490274429321
v -0.45444539189338684 -0.6337133646011353 0.9483845233917236
v -0.45206156373023987 -0.6255236864089966 0.9579006433486938
v -0.38876405358314514 -0.46005547046661377 0.9546502828598022
v -0.38442233204841614 -0.44514018297195435 0.9719820022583008
v -0.447447806596756 -0.6359418630599976 0.9485169649124146
v -0.44506385922431946 -0.6277523040771484 0.9580334424972534
v 0.2886764109134674 0.10091783106327057 0.3095453083515167
v 0.26817792654037476 0.17245149612426758 0.3352610170841217
v 0.20369017124176025 0.3197985291481018 -0.07841694355010986
v 0.2298245131969452 0.2285974621772766 -0.1112028956413269
v 0.27759140729904175 0.34174901247024536 -0.08056855201721191
v 0.3037257790565491 0.2505478858947754 -0.11335444450378418
v 0.32614246010780334 0.18966835737228394 0.3335733711719513
v 0.3466409742832184 0.11813467741012573 0.3078577220439911
v 0.33914753794670105 0.029817476868629456 0.8046895265579224
v 0.3060312867164612 0.09861944615840912 0.7339429259300232
v 0.3693174421787262 0.034265220165252686 0.7981032729148865
v 0.4474535584449768 -0.19427311420440674 1.035951852798462
v 0.43127623200416565 -0.19665807485580444 1.0394835472106934
v 0.35606977343559265 0.11348205804824829 0.7324860692024231
v 0.37138092517852783 0.0740976482629776 0.8344532251358032
v 0.3667561709880829 0.08586819469928741 0.8178184032440186
v 0.3167176842689514 0.07100556790828705 0.8192752599716187
v 0.3412110209465027 0.06964993476867676 0.8410397171974182
v 0.44856002926826477 -0.17291465401649475 1.0554430484771729
v 0.5041216611862183 -0.4152567982673645 1.1541156768798828
v 0.5032334327697754 -0.43240004777908325 1.1384711265563965
v 0.4323826730251312 -0.17529958486557007 1.0589747428894043
v 0.5295696258544922 -0.6062256693840027 1.1560640335083008
v 0.5290820598602295 -0.6156385540962219 1.1474742889404297
v 0.49024882912635803 -0.43431419134140015 1.141305923461914
v 0.49113693833351135 -0.41717106103897095 1.1569504737854004
v 0.5219525098800659 -0.6166897416114807 1.1490306854248047
v 0.5224400758743286 -0.6072767376899719 1.1576206684112549
v -0.2886764109134674 0.10091783106327057 0.3095453083515167
v -0.2298245131969452 0.2285974621772766 -0.1112028956413269
v -0.20369020104408264 0.3197985291481018 -0.07841694355010986
v -0.26817789673805237 0.17245149612426758 0.3352610170841217
v -0.3037257492542267 0.2505478858947754 -0.11335444450378418
v -0.27759137749671936 0.34174901247024536 -0.08056855201721191
v -0.3466409742832184 0.11813467741012573 0.3078577220439911
v -0.32614246010780334 0.18966835737228394 0.3335733711719513
v -0.3060312569141388 0.09861944615840912 0.7339429259300232
v -0.33914753794670105 0.029817476868629456 0.8046895265579224
v -0.43127623200416565 -0.19665807485580444 1.0394835472106934
v -0.4474535286426544 -0.19427311420440674 1.035951852798462
v -0.3693174421787262 0.034265220165252686 0.7981032729148865
v -0.35606977343559265 0.11348205804824829 0.7324860692024231
v -0.3713809549808502 0.0740976482629776 0.8344532251358032
v -0.3412109911441803 0.06964993476867676 0.8410397171974182
v -0.31671765446662903 0.07100556790828705 0.8192752599716187
v -0.3667561709880829 0.08586819469928741 0.8178184032440186
v -0.5032334327697754 -0.43240004777908325 1.1384711265563965
v -0.5041216611862183 -0.4152567982673645 1.1541156768798828
v -0.44856002926826477 -0.17291465401649475 1.0554430484771729
v -0.4323826730251312 -0.17529958486557007 1.0589747428894043
v -0.5290820598602295 -0.6156385540962219 1.1474742889404297
v -0.5295696258544922 -0.6062256693840027 1.1560640335083008
v -0.49024882912635803 -0.43431419134140015 1.141305923461914
v -0.49113693833351135 -0.41717106103897095 1.1569504737854004
v -0.5219525098800659 -0.6166897416114807 1.1490306854248047
v -0.5224400758743286 -0.6072767376899719 1.1576206684112549
v 0.32335904240608215 0.1354982554912567 0.17058099806308746
v 0.32631543278694153 0.07737347483634949 0.11843878030776978
v 0.3301568925380707 0.36118167638778687 -0.2226961851119995
v 0.3263876438140869 0.4359273910522461 -0.15580499172210693
v 0.25309398770332336 0.35843753814697266 -0.22397220134735107
v 0.249324768781662 0.4331831932067871 -0.15708112716674805
v 0.2658710777759552 0.07522770762443542 0.11744216084480286
v 0.2629146873950958 0.13334596157073975 0.1695801317691803
v 0.3178549110889435 -0.1343315839767456 0.5314813852310181
v 0.3287820518016815 -0.1335853636264801 0.4457683265209198
v 0.2872490882873535 -0.12832492589950562 0.5322484970092773
v 0.28187742829322815 -0.2677198052406311 0.7093304395675659
v 0.2982885241508484 -0.2709118723869324 0.7084858417510986
v 0.2766028642654419 -0.13540086150169373 0.4447723925113678
v 0.27699822187423706 -0.17841967940330505 0.5150205492973328
v 0.2776317000389099 -0.1915273666381836 0.49946874380111694
v 0.3298109173774719 -0.18979430198669434 0.500720202922821
v 0.3076040744781494 -0.18442657589912415 0.5142534971237183
v 0.27638083696365356 -0.29360461235046387 0.7004197835922241
v 0.2892328202724457 -0.49166351556777954 0.856785774230957
v 0.29364460706710815 -0.48494207859039307 0.8673460483551025
v 0.2927919328212738 -0.29678893089294434 0.6995916366577148
v 0.31321197748184204 -0.6228853464126587 0.9965265989303589
v 0.3156343698501587 -0.6144683361053467 1.005823016166687
v 0.3068169057369232 -0.4874941110610962 0.8658393621444702
v 0.30240511894226074 -0.4942402243614197 0.8552615642547607
v 0.32286694645881653 -0.6156595945358276 1.0050301551818848
v 0.3204445540904999 -0.6240768432617188 0.9957336187362671
v -0.32335904240608215 0.1354982554912567 0.17058099806308746
v -0.3263876140117645 0.4359273910522461 -0.15580499172210693
v -0.3301568925380707 0.36118167638778687 -0.2226961851119995
v -0.32631543278694153 0.07737347483634949 0.11843878030776978
v -0.249324768781662 0.4331831932067871 -0.15708112716674805
v -0.25309398770332336 0.35843753814697266 -0.22397220134735107
v -0.2629146873950958 0.13334596157073975 0.1695801317691803
v -0.2658710777759552 0.07522770762443542 0.11744216084480286
v -0.3287820518016815 -0.1335853636264801 0.4457683265209198
v -0.3178549110889435 -0.1343315839767456 0.5314813852310181
v -0.2982885539531708 -0.2709118723869324 0.7084858417510986
v -0.28187742829322815 -0.2677198052406311 0.7093304395675659
v -0.28724905848503113 -0.12832492589950562 0.5322484970092773
v -0.2766028344631195 -0.13540086150169373 0.4447723925113678
v -0.27699825167655945 -0.17841967940330505 0.5150205492973328
v -0.307604044675827 -0.18442657589912415 0.5142534971237183
v -0.3298109471797943 -0.18979430198669434 0.500720202922821
v -0.2776317298412323 -0.1915273666381836 0.49946874380111694
v -0.29364463686943054 -0.48494207859039307 0.8673460483551025
v -0.2892328202724457 -0.49166351556777954 0.856785774230957
v -0.27638086676597595 -0.29360461235046387 0.7004197835922241
v -0.2927919328212738 -0.29678893089294434 0.6995916366577148
v -0.3156343400478363 -0.6144683361053467 1.005823016166687
v -0.31321200728416443 -0.6228853464126587 0.9965265989303589
v -0.3068169057369232 -0.4874941110610962 0.8658393621444702
v -0.30240508913993835 -0.4942402243614197 0.8552615642547607
v -0.32286694645881653 -0.6156595945358276 1.0050301551818848
v -0.3204445540904999 -0.6240768432617188 0.9957336187362671
v 0.32335904240608215 0.25006332993507385 0.28846412897109985
v 0.3263154923915863 0.1934656947851181 0.23466813564300537
v 0.3301568925380707 0.48698925971984863 -0.09814423322677612
v 0.3263876140117645 0.5597758293151855 -0.029126286506652832
v 0.25309398770332336 0.4842830300331116 -0.09949886798858643
v 0.24932467937469482 0.5570695400238037 -0.030480921268463135
v 0.2658711373806 0.19134953618049622 0.23361003398895264
v 0.2629146873950958 0.24794074892997742 0.2874016761779785
v 0.31785497069358826 -0.030057460069656372 0.6414366364479065
v 0.32878217101097107 -0.02684083580970764 0.5557807087898254
v 0.2872491180896759 -0.02407538890838623 0.6423765420913696
v 0.2818774878978729 -0.1685168445110321 0.8153668642044067
v 0.29828861355781555 -0.17168322205543518 0.8144305944442749
v 0.27660295367240906 -0.02862688899040222 0.5547327995300293
v 0.2769983112812042 -0.07365277409553528 0.6237118244171143
v 0.2776317894458771 -0.08630672097206116 0.607788622379303
v 0.3298110067844391 -0.08461043238639832 0.6090894937515259
v 0.3076041042804718 -0.07963499426841736 0.6227719187736511
v 0.2763809263706207 -0.19413402676582336 0.8057137727737427
v 0.28923293948173523 -0.3966178596019745 0.9563056230545044
v 0.2936447560787201 -0.3902036249637604 0.9670552611351013
v 0.29279205203056335 -0.19729313254356384 0.8047942519187927
v 0.313212126493454 -0.5318132638931274 1.0922057628631592
v 0.3156345784664154 -0.5236678123474121 1.101741075515747
v 0.30681702494621277 -0.39271119236946106 0.9654757380485535
v 0.3024052083492279 -0.399149626493454 0.9547078609466553
v 0.32286712527275085 -0.5248355865478516 1.1009140014648438
v 0.3204447329044342 -0.5329813957214355 1.0913786888122559
v -0.32335904240608215 0.25006332993507385 0.28846412897109985
v -0.32638755440711975 0.5597758293151855 -0.029126286506652832
v -0.3301568329334259 0.48698925971984863 -0.09814423322677612
v -0.32631543278694153 0.1934656947851181 0.23466813564300537
v -0.2493247091770172 0.5570695400238037 -0.030480921268463135
v -0.25309398770332336 0.4842830300331116 -0.09949886798858643
v -0.2629146873950958 0.24794074892997742 0.2874016761779785
v -0.2658710777759552 0.19134953618049622 0.23361003398895264
v -0.3287821114063263 -0.02684083580970764 0.5557807087898254
v -0.31785497069358826 -0.030057460069656372 0.6414366364479065
v -0.29828861355781555 -0.17168322205543518 0.8144305944442749
v -0.2818774878978729 -0.1685168445110321 0.8153668642044067
v -0.2872491180896759 -0.02407538890838623 0.6423765420913696
v -0.2766028940677643 -0.02862688899040222 0.5547327995300293
v -0.2769983112812042 -0.07365277409553528 0.6237118244171143
v -0.3076041042804718 -0.07963499426841736 0.6227719187736511
v -0.3298110067844391 -0.08461043238639832 0.6090894937515259
v -0.2776317894458771 -0.08630672097206116 0.607788622379303
v -0.2936446964740753 -0.3902036249637604 0.9670552611351013
v -0.28923287987709045 -0.3966178596019745 0.9563056230545044
v -0.2763809263706207 -0.19413402676582336 0.8057137727737427
v -0.2927919924259186 -0.19729313254356384 0.8047942519187927
v -0.31563451886177063 -0.5236678123474121 1.101741075515747
v -0.313212126493454 -0.5318132638931274 1.0922057628631592
v -0.30681702494621277 -0.39271119236946106 0.9654757380485535
v -0.3024052083492279 -0.399149626493454 0.9547078609466553
v -0.32286712527275085 -0.5248355865478516 1.1009140014648438
v -0.3204447329044342 -0.5329813957214355 1.0913786888122559
v 0.14235919713974 0.02221524715423584 1.0062259435653687
v 0.10636496543884277 0.10883927345275879 0.9845168590545654
v 0.11250829696655273 0.087932288646698 0.890907347202301
v 0.14850252866744995 0.0013082623481750488 0.9126164317131042
v 0.2016153633594513 0.12438350915908813 0.8886141180992126
v 0.23760956525802612 0.037759482860565186 0.9103231430053711
v 0.19547200202941895 0.14529049396514893 0.9822235703468323
v 0.23146621882915497 0.05866646766662598 1.0039325952529907
v 0.30922168493270874 -0.2986740171909332 1.1923942565917969
v 0.34558171033859253 -0.2838001251220703 1.1914584636688232
v 0.34808850288391113 -0.2923312187194824 1.1532611846923828
v 0.6089193820953369 -0.9357649087905884 1.5921406745910645
v 0.607143759727478 -0.948499321937561 1.56496262550354
v 0.31172844767570496 -0.30720511078834534 1.1541969776153564
v 0.5943199396133423 -0.9417372941970825 1.5925164222717285
v 0.6954017877578735 -1.1500436067581177 1.8271311521530151
v 0.7118551731109619 -1.1412891149520874 1.8267751932144165
v 0.5925676822662354 -0.9545079469680786 1.565578579902649
v 0.7097299098968506 -1.1530340909957886 1.7904958724975586
v 0.7612857818603516 -1.2980163097381592 2.0621490478515625
v 0.7641167640686035 -1.319638729095459 2.052457809448242
v 0.6933104991912842 -1.1618306636810303 1.7911877632141113
v 0.7480292320251465 -1.3050700426101685 2.062436103820801
v 0.7674928903579712 -1.314663052558899 2.306959867477417
v 0.7796870470046997 -1.3188238143920898 2.3063406944274902
v 0.7508602142333984 -1.3266922235488892 2.0527443885803223
v 0.7870748043060303 -1.341981291770935 2.3104214668273926
v 0.7471753358840942 -1.2033298015594482 2.536304473876953
v 0.7526495456695557 -1.2201018333435059 2.5465965270996094
v 0.7746158838272095 -1.3481919765472412 2.3107049465179443
v 0.7354167699813843 -1.2200305461883545 2.536210060119629
v 0.6749809980392456 -1.0670537948608398 2.60546875
v 0.6874948740005493 -1.0622681379318237 2.596799373626709
v 0.7411713600158691 -1.2258234024047852 2.5468578338623047
v 0.6773746013641357 -1.0735538005828857 2.6171698570251465
v 0.688647985458374 -1.0690290927886963 2.6147079467773438
v 0.5878738760948181 -0.8429771065711975 2.615042209625244
v 0.5755290985107422 -0.8484731316566467 2.6181650161743164
v 0.5947523713111877 -0.8600855469703674 2.593850612640381
v 0.4821443259716034 -0.5574802160263062 2.31001353263855
v 0.4773229956626892 -0.5356414914131165 2.3216042518615723
v 0.581649661064148 -0.865740954875946 2.60076642036438
v 0.47026070952415466 -0.5651724934577942 2.3104605674743652
v 0.45706555247306824 -0.5573382377624512 2.121614933013916
v 0.4651080071926117 -0.5526639819145203 2.1214542388916016
v 0.46536028385162354 -0.5464270710945129 2.321950912475586
v 0.4614964425563812 -0.5379603505134583 2.123385190963745
v 0.48514941334724426 -0.5863507986068726 2.038691282272339
v 0.48115384578704834 -0.5661316514015198 2.0468955039978027
v 0.4532952308654785 -0.5488495230674744 2.123344898223877
v 0.5410019755363464 -0.745588481426239 1.8802387714385986
v 0.5378344058990479 -0.7340598106384277 1.8954359292984009
v 0.4653034210205078 -0.5601779222488403 2.0511856079101562
v 0.46890807151794434 -0.5957026481628418 2.042485475540161
v 0.5182875394821167 -0.7418328523635864 1.8994131088256836
v 0.5214551687240601 -0.7533615231513977 1.884216070175171
v -0.14235919713974 0.02221524715423584 1.0062259435653687
v -0.14850252866744995 0.0013082623481750488 0.9126164317131042
v -0.11250829696655273 0.087932288646698 0.890907347202301
v -0.10636496543884277 0.10883927345275879 0.9845168590545654
v -0.23760956525802612 0.037759482860565186 0.9103231430053711
v -0.2016153335571289 0.12438350915908813 0.8886141180992126
v -0.23146623373031616 0.05866646766662598 1.0039325952529907
v -0.19547200202941895 0.14529049396514893 0.9822235703468323
v -0.34558171033859253 -0.2838001251220703 1.1914584636688232
v -0.30922168493270874 -0.2986740171909332 1.1923942565917969
v -0.34808850288391113 -0.2923312187194824 1.1532611846923828
v -0.607143759727478 -0.948499321937561 1.56496262550354
v -0.6089193820953369 -0.9357649087905884 1.5921406745910645
v -0.31172847747802734 -0.30720511078834534 1.1541969776153564
v -0.7118551731109619 -1.1412891149520874 1.8267751932144165
v -0.6954017877578735 -1.1500436067581177 1.8271311521530151
v -0.5943199396133423 -0.9417372941970825 1.5925164222717285
v -0.5925676822662354 -0.9545079469680786 1.565578579902649
v -0.7097299098968506 -1.1530340909957886 1.7904958724975586
v -0.7641167640686035 -1.319638729095459 2.052457809448242
v -0.7612857818603516 -1.2980163097381592 2.0621490478515625
v -0.6933104991912842 -1.1618306636810303 1.7911877632141113
v -0.7796870470046997 -1.3188238143920898 2.3063406944274902
v -0.7674928903579712 -1.314663052558899 2.306959867477417
v -0.7480292320251465 -1.3050700426101685 2.062436103820801
v -0.7508602142333984 -1.3266922235488892 2.0527443885803223
v -0.7870748043060303 -1.341981291770935 2.3104214668273926
v -0.7526495456695557 -1.2201018333435059 2.5465965270996094
v -0.7471753358840942 -1.2033298015594482 2.536304473876953
v -0.7746158838272095 -1.3481919765472412 2.3107049465179443
v -0.6874948740005493 -1.0622681379318237 2.596799373626709
v -0.6749809980392456 -1.0670537948608398 2.60546875
v -0.7354167699813843 -1.2200305461883545 2.536210060119629
v -0.7411713600158691 -1.2258234024047852 2.5468578338623047
v -0.6773746013641357 -1.0735538005828857 2.6171698570251465
v -0.5755290985107422 -0.8484731316566467 2.6181650161743164
v -0.5878739356994629 -0.8429771065711975 2.615042209625244
v -0.688647985458374 -1.0690290927886963 2.6147079467773438
v -0.4773229956626892 -0.5356414914131165 2.3216042518615723
v -0.4821443557739258 -0.5574802160263062 2.31001353263855
v -0.594752311706543 -0.8600855469703674 2.593850612640381
v -0.581649661064148 -0.865740954875946 2.60076642036438
v -0.4651080369949341 -0.5526639819145203 2.1214542388916016
v -0.4570655822753906 -0.5573382377624512 2.121614933013916
v -0.47026073932647705 -0.5651724934577942 2.3104605674743652
v -0.46536028385162354 -0.5464270710945129 2.321950912475586
v -0.4614964723587036 -0.5379603505134583 2.123385190963745
v -0.48115384578704834 -0.5661316514015198 2.0468955039978027
v -0.4851493835449219 -0.5863507986068726 2.038691282272339
v -0.4532952308654785 -0.5488495230674744 2.123344898223877
v -0.5378344058990479 -0.7340598106384277 1.8954359292984009
v -0.5410019755363464 -0.745588481426239 1.8802387714385986
v -0.46890807151794434 -0.5957026481628418 2.042485475540161
v -0.4653034210205078 -0.5601779222488403 2.0511856079101562
v -0.5182875394821167 -0.7418328523635864 1.8994131088256836
v -0.5214551687240601 -0.7533615231513977 1.884216070175171
v 0.48412659764289856 0.41955554485321045 0.9996577501296997
v 0.48412659764289856 0.44494056701660156 1.0162965059280396
v 0.5238139629364014 0.44494056701660156 1.0229191780090332
v 0.5292166471481323 0.41955554485321045 1.0071818828582764
v 0.48412659764289856 0.25846338272094727 1.1385244131088257
v 0.48412659764289856 0.2619190216064453 1.102981686592102
v 0.49566730856895447 0.2619190216064453 1.104907512664795
v 0.48412659764289856 0.3917196989059448 0.9910893440246582
v 0.5319987535476685 0.3917196989059448 0.9990777373313904
v 0.48412659764289856 0.36305081844329834 0.9910893440246582
v 0.5319987535476685 0.36305081844329834 0.9990777373313904
v 0.48412659764289856 0.3352149724960327 0.9996577501296997
v 0.5292166471481323 0.3352149724960327 1.0071818828582764
v 0.48412659764289856 0.49285149574279785 1.102981686592102
v 0.48412659764289856 0.4963071346282959 1.1385244131088257
v 0.49566730856895447 0.49285149574279785 1.104907512664795
v 0.48412659764289856 0.3098299503326416 1.0162965059280396
v 0.5238139629364014 0.3098299503326416 1.0229191780090332
v 0.48412659764289856 0.4826853573322296 1.0695046186447144
v 0.5065373182296753 0.4826853573322296 1.073244333267212
v 0.48412662744522095 0.2883709669113159 1.040038824081421
v 0.5161049365997314 0.2883709669113159 1.0453749895095825
v 0.48412662744522095 0.46639955043792725 1.040038824081421
v 0.5161049365997314 0.46639955043792725 1.0453749895095825
v 0.48412659764289856 0.27208516001701355 1.0695046186447144
v 0.5065373182296753 0.27208516001701355 1.073244333267212
v 0.5746831893920898 0.3917196989059448 1.0221774578094482
v 0.5746831893920898 0.36305081844329834 1.0221774578094482
v 0.569420337677002 0.3352149724960327 1.0289390087127686
v 0.48412659764289856 0.4963071346282959 1.1385244131088257
v 0.5059573650360107 0.49285149574279785 1.1104762554168701
v 0.5592005252838135 0.3098299503326416 1.042069435119629
v 0.5265194177627563 0.4826853573322296 1.084058165550232
v 0.544617772102356 0.2883709669113159 1.0608054399490356
v 0.544617772102356 0.46639955043792725 1.0608054399490356
v 0.5265194177627563 0.27208516001701355 1.084058165550232
v 0.5592005252838135 0.44494056701660156 1.042069435119629
v 0.5059573650360107 0.2619190216064453 1.1104762554168701
v 0.569420337677002 0.41955554485321045 1.0289390087127686
v 0.48412659764289856 0.25846338272094727 1.1385244131088257
v 0.5138818025588989 0.49285149574279785 1.119084358215332
v 0.5419076681137085 0.4826853573322296 1.1007741689682007
v 0.5864517688751221 0.3098299503326416 1.0716720819473267
v 0.5665755271911621 0.2883709669113159 1.084657907485962
v 0.5665755271911621 0.46639955043792725 1.084657907485962
v 0.5419076681137085 0.27208516001701355 1.1007741689682007
v 0.5864517688751221 0.44494056701660156 1.0716720819473267
v 0.5138818025588989 0.2619190216064453 1.119084358215332
v 0.6003812551498413 0.41955554485321045 1.0625715255737305
v 0.48412659764289856 0.25846338272094727 1.1385244131088257
v 0.6075544357299805 0.3917196989059448 1.0578850507736206
v 0.6075544357299805 0.36305081844329834 1.0578850507736206
v 0.6003812551498413 0.3352149724960327 1.0625715255737305
v 0.48412659764289856 0.4963071346282959 1.1385244131088257
v 0.5510344505310059 0.27208516001701355 1.1215810775756836
v 0.518581748008728 0.2619190216064453 1.129799246788025
v 0.6026144027709961 0.44494056701660156 1.108519196510315
v 0.6187441349029541 0.41955554485321045 1.1044347286224365
v 0.48412659764289856 0.25846338272094727 1.1385244131088257
v 0.6270502805709839 0.3917196989059448 1.102331280708313
v 0.6270502805709839 0.36305081844329834 1.102331280708313
v 0.6187441349029541 0.3352149724960327 1.1044347286224365
v 0.48412659764289856 0.4963071346282959 1.1385244131088257
v 0.518581748008728 0.49285149574279785 1.129799246788025
v 0.6026144027709961 0.3098299503326416 1.108519196510315
v 0.5510344505310059 0.4826853573322296 1.1215810775756836
v 0.5795986652374268 0.2883709669113159 1.1143476963043213
v 0.5795986652374268 0.46639955043792725 1.1143476963043213
v 0.6310582160949707 0.36305081844329834 1.150699496269226
v 0.6225190162658691 0.3352149724960327 1.1499919891357422
v 0.48412659764289856 0.4963071346282959 1.1385244131088257
v 0.5195479393005371 0.49285149574279785 1.1414594650268555
v 0.6059370040893555 0.3098299503326416 1.1486179828643799
v 0.5529106855392456 0.4826853573322296 1.1442240476608276
v 0.5822758674621582 0.2883709669113159 1.1466573476791382
v 0.5822758674621582 0.46639955043792725 1.1466573476791382
v 0.5529106855392456 0.27208516001701355 1.1442240476608276
v 0.6059370040893555 0.44494056701660156 1.1486179828643799
v 0.5195479393005371 0.2619190216064453 1.1414594650268555
v 0.6225190162658691 0.41955554485321045 1.1499919891357422
v 0.48412659764289856 0.25846338272094727 1.1385244131088257
v 0.6310582160949707 0.3917196989059448 1.150699496269226
v 0.5960596799850464 0.3098299503326416 1.1876227855682373
v 0.574317216873169 0.2883709669113159 1.1780856847763062
v 0.5473331212997437 0.4826853573322296 1.166249394416809
v 0.574317216873169 0.46639955043792725 1.1780856847763062
v 0.5473331212997437 0.27208516001701355 1.166249394416809
v 0.5960596799850464 0.44494056701660156 1.1876227855682373
v 0.5166757106781006 0.2619190216064453 1.152801752090454
v 0.6112970113754272 0.41955554485321045 1.1943066120147705
v 0.48412659764289856 0.25846338272094727 1.1385244131088257
v 0.6191437244415283 0.3917196989059448 1.1977484226226807
v 0.6191437244415283 0.36305081844329834 1.1977484226226807
v 0.6112970113754272 0.3352149724960327 1.1943066120147705
v 0.48412659764289856 0.4963071346282959 1.1385244131088257
v 0.5166757106781006 0.49285149574279785 1.152801752090454
v 0.5740525722503662 0.44494056701660156 1.2213071584701538
v 0.5862941741943359 0.41955554485321045 1.2325762510299683
v 0.48412659764289856 0.25846338272094727 1.1385244131088257
v 0.510276198387146 0.2619190216064453 1.1625968217849731
v 0.5925981998443604 0.3917196989059448 1.2383794784545898
v 0.5925981998443604 0.36305081844329834 1.2383794784545898
v 0.5862941741943359 0.3352149724960327 1.2325762510299683
v 0.48412659764289856 0.4963071346282959 1.1385244131088257
v 0.510276198387146 0.49285149574279785 1.1625968217849731
v 0.5740525722503662 0.3098299503326416 1.2213071584701538
v 0.5349061489105225 0.4826853573322296 1.1852701902389526
v 0.5565848350524902 0.2883709669113159 1.2052268981933594
v 0.5565848350524902 0.46639955043792725 1.2052268981933594
v 0.5349061489105225 0.27208516001701355 1.1852701902389526
v 0.554297924041748 0.36305081844329834 1.2681896686553955
v 0.5502198934555054 0.3352149724960327 1.260654091835022
v 0.48412659764289856 0.4963071346282959 1.1385244131088257
v 0.5010430812835693 0.49285149574279785 1.1697832345962524
v 0.5423007011413574 0.3098299503326416 1.2460206747055054
v 0.5169763565063477 0.4826853573322296 1.1992254257202148
v 0.5310006141662598 0.2883709669113159 1.2251399755477905
v 0.5310006141662598 0.46639955043792725 1.2251399755477905
v 0.5169763565063477 0.27208516001701355 1.1992254257202148
v 0.5423007011413574 0.44494056701660156 1.2460206747055054
v 0.5010430812835693 0.2619190216064453 1.1697832345962524
v 0.5502198934555054 0.41955554485321045 1.260654091835022
v 0.48412659764289856 0.25846338272094727 1.1385244131088257
v 0.554297924041748 0.3917196989059448 1.2681896686553955
v 0.495486855506897 0.4826853573322296 1.2066028118133545
v 0.500336766242981 0.46639955043792725 1.2356668710708618
v 0.500336766242981 0.2883709669113159 1.2356668710708618
v 0.495486855506897 0.27208516001701355 1.2066028118133545
v 0.5042446851730347 0.44494056701660156 1.2590852975845337
v 0.4899767339229584 0.2619190216064453 1.1735823154449463
v 0.5069832801818848 0.41955554485321045 1.2754971981048584
v 0.48412659764289856 0.25846338272094727 1.1385244131088257
v 0.5083936452865601 0.3917196989059448 1.2839486598968506
v 0.5083936452865601 0.36305081844329834 1.2839486598968506
v 0.5069832801818848 0.3352149724960327 1.2754971981048584
v 0.48412659764289856 0.4963071346282959 1.1385244131088257
v 0.4899767339229584 0.49285149574279785 1.1735823154449463
v 0.5042446851730347 0.3098299503326416 1.2590852975845337
v 0.48412659764289856 0.25846338272094727 1.1385244131088257
v 0.47827646136283875 0.2619190216064453 1.1735823154449463
v 0.4612698554992676 0.41955554485321045 1.2754971981048584
v 0.45985954999923706 0.3917196989059448 1.2839486598968506
v 0.45985954999923706 0.36305081844329834 1.2839486598968506
v 0.4612698554992676 0.3352149724960327 1.2754971981048584
v 0.48412659764289856 0.4963071346282959 1.1385244131088257
v 0.47827646136283875 0.49285149574279785 1.1735823154449463
v 0.46400853991508484 0.3098299503326416 1.2590852975845337
v 0.47276630997657776 0.4826853573322296 1.2066028118133545
v 0.4679163694381714 0.2883709669113159 1.2356668710708618
v 0.4679163694381714 0.46639955043792725 1.2356668710708618
v 0.47276630997657776 0.27208516001701355 1.2066028118133545
v 0.46400853991508484 0.44494056701660156 1.2590852975845337
v 0.4139552116394043 0.36305081844329834 1.2681896686553955
v 0.41803330183029175 0.3352149724960327 1.2606539726257324
v 0.48412659764289856 0.4963071346282959 1.1385244131088257
v 0.46721014380455017 0.49285149574279785 1.1697832345962524
v 0.4259525537490845 0.3098299503326416 1.2460205554962158
v 0.4512768089771271 0.4826853573322296 1.1992254257202148
v 0.43725258111953735 0.2883709669113159 1.2251399755477905
v 0.43725258111953735 0.46639955043792725 1.2251399755477905
v 0.4512768089771271 0.27208516001701355 1.1992254257202148
v 0.4259525537490845 0.44494056701660156 1.2460205554962158
v 0.46721014380455017 0.2619190216064453 1.1697832345962524
v 0.41803330183029175 0.41955554485321045 1.2606539726257324
v 0.48412659764289856 0.25846338272094727 1.1385244131088257
v 0.4139552116394043 0.3917196989059448 1.2681896686553955
v 0.4116683304309845 0.2883709669113159 1.2052268981933594
v 0.43334710597991943 0.27208516001701355 1.1852701902389526
v 0.4116683304309845 0.46639955043792725 1.2052268981933594
v 0.3942005932331085 0.44494056701660156 1.2213070392608643
v 0.4579769968986511 0.2619190216064453 1.1625968217849731
v 0.3819590210914612 0.41955554485321045 1.2325762510299683
v 0.48412659764289856 0.25846338272094727 1.1385244131088257
v 0.37565505504608154 0.3917196989059448 1.2383794784545898
v 0.37565505504608154 0.36305081844329834 1.2383794784545898
v 0.3819590210914612 0.3352149724960327 1.2325762510299683
v 0.48412659764289856 0.4963071346282959 1.1385244131088257
v 0.4579769968986511 0.49285149574279785 1.1625968217849731
v 0.3942005932331085 0.3098299503326416 1.2213070392608643
v 0.43334710597991943 0.4826853573322296 1.1852701902389526
v 0.3569561243057251 0.41955554485321045 1.194306492805481
v 0.3491094410419464 0.3917196989059448 1.1977484226226807
v 0.3491094410419464 0.36305081844329834 1.1977484226226807
v 0.3569561243057251 0.3352149724960327 1.194306492805481
v 0.48412659764289856 0.4963071346282959 1.1385244131088257
v 0.4515775442123413 0.49285149574279785 1.152801752090454
v 0.3721935451030731 0.3098299503326416 1.1876227855682373
v 0.42092013359069824 0.4826853573322296 1.1662492752075195
v 0.39393606781959534 0.2883709669113159 1.1780856847763062
v 0.39393606781959534 0.46639955043792725 1.1780856847763062
v 0.42092013359069824 0.27208516001701355 1.1662492752075195
v 0.3721935451030731 0.44494056701660156 1.1876227855682373
v 0.4515775442123413 0.2619190216064453 1.152801752090454
v 0.48412659764289856 0.25846338272094727 1.1385244131088257
v 0.48412659764289856 0.4963071346282959 1.1385244131088257
v 0.4487053155899048 0.49285149574279785 1.1414594650268555
v 0.345734179019928 0.3352149724960327 1.1499918699264526
v 0.36231619119644165 0.3098299503326416 1.1486178636550903
v 0.4153425693511963 0.4826853573322296 1.1442240476608276
v 0.3859773278236389 0.2883709669113159 1.1466572284698486
v 0.3859773278236389 0.46639955043792725 1.1466572284698486
v 0.4153425693511963 0.27208516001701355 1.1442240476608276
v 0.36231619119644165 0.44494056701660156 1.1486178636550903
v 0.4487053155899048 0.2619190216064453 1.1414594650268555
v 0.345734179019928 0.41955554485321045 1.1499918699264526
v 0.48412659764289856 0.25846338272094727 1.1385244131088257
v 0.3371950387954712 0.3917196989059448 1.150699496269226
v 0.3371950387954712 0.36305081844329834 1.150699496269226
v 0.4153425693511963 0.27208516001701355 1.1442240476608276
v 0.3859773278236389 0.2883709669113159 1.1466572284698486
v 0.38865458965301514 0.2883709669113159 1.1143475770950317
v 0.4172188341617584 0.27208516001701355 1.1215810775756836
v 0.36231619119644165 0.44494056701660156 1.1486178636550903
v 0.3859773278236389 0.46639955043792725 1.1466572284698486
v 0.38865458965301514 0.46639955043792725 1.1143475770950317
v 0.3656388521194458 0.44494056701660156 1.108519196510315
v 0.4487053155899048 0.2619190216064453 1.1414594650268555
v 0.44967150688171387 0.2619190216064453 1.129799246788025
v 0.345734179019928 0.41955554485321045 1.1499918699264526
v 0.3495091497898102 0.41955554485321045 1.104434609413147
v 0.48412659764289856 0.25846338272094727 1.1385244131088257
v 0.3371950387954712 0.3917196989059448 1.150699496269226
v 0.341202974319458 0.3917196989059448 1.102331280708313
v 0.3371950387954712 0.36305081844329834 1.150699496269226
v 0.341202974319458 0.36305081844329834 1.102331280708313
v 0.345734179019928 0.3352149724960327 1.1499918699264526
v 0.3495091497898102 0.3352149724960327 1.104434609413147
v 0.4487053155899048 0.49285149574279785 1.1414594650268555
v 0.48412659764289856 0.4963071346282959 1.1385244131088257
v 0.44967150688171387 0.49285149574279785 1.129799246788025
v 0.36231619119644165 0.3098299503326416 1.1486178636550903
v 0.3656388521194458 0.3098299503326416 1.108519196510315
v 0.4153425693511963 0.4826853573322296 1.1442240476608276
v 0.4172188341617584 0.4826853573322296 1.1215810775756836
v 0.3606988787651062 0.3917196989059448 1.0578850507736206
v 0.3606988787651062 0.36305081844329834 1.0578850507736206
v 0.367872029542923 0.3352149724960327 1.0625715255737305
v 0.48412659764289856 0.4963071346282959 1.1385244131088257
v 0.45437145233154297 0.49285149574279785 1.119084358215332
v 0.3818015158176422 0.3098299503326416 1.0716720819473267
v 0.4263455867767334 0.4826853573322296 1.1007741689682007
v 0.4016777276992798 0.2883709669113159 1.084657907485962
v 0.4016777276992798 0.46639955043792725 1.084657907485962
v 0.4263455867767334 0.27208516001701355 1.1007741689682007
v 0.3818015158176422 0.44494056701660156 1.0716720819473267
v 0.45437145233154297 0.2619190216064453 1.119084358215332
v 0.367872029542923 0.41955554485321045 1.0625715255737305
v 0.48412659764289856 0.25846338272094727 1.1385244131088257
v 0.39883291721343994 0.3352149724960327 1.028939127922058
v 0.40905267000198364 0.3098299503326416 1.042069435119629
v 0.4622958302497864 0.49285149574279785 1.1104762554168701
v 0.44173377752304077 0.4826853573322296 1.084058165550232
v 0.42363548278808594 0.2883709669113159 1.0608054399490356
v 0.42363548278808594 0.46639955043792725 1.0608054399490356
v 0.44173377752304077 0.27208516001701355 1.084058165550232
v 0.40905267000198364 0.44494056701660156 1.042069435119629
v 0.4622958302497864 0.2619190216064453 1.1104762554168701
v 0.39883291721343994 0.41955554485321045 1.028939127922058
v 0.48412659764289856 0.25846338272094727 1.1385244131088257
v 0.39357009530067444 0.3917196989059448 1.0221774578094482
v 0.39357009530067444 0.36305081844329834 1.0221774578094482
v 0.48412659764289856 0.4963071346282959 1.1385244131088257
v 0.4521483778953552 0.46639955043792725 1.0453749895095825
v 0.44443926215171814 0.44494056701660156 1.0229191780090332
v 0.4617159366607666 0.27208516001701355 1.073244333267212
v 0.47258591651916504 0.2619190216064453 1.104907512664795
v 0.43903666734695435 0.41955554485321045 1.0071818828582764
v 0.48412659764289856 0.25846338272094727 1.1385244131088257
v 0.43625450134277344 0.3917196989059448 0.9990777969360352
v 0.43625450134277344 0.36305081844329834 0.9990777969360352
v 0.43903666734695435 0.3352149724960327 1.0071818828582764
v 0.48412659764289856 0.4963071346282959 1.1385244131088257
v 0.47258591651916504 0.49285149574279785 1.104907512664795
v 0.44443926215171814 0.3098299503326416 1.0229191780090332
v 0.4617159366607666 0.4826853573322296 1.073244333267212
v 0.4521483778953552 0.2883709669113159 1.0453749895095825
v 0.48412659764289856 0.4963071346282959 1.1385244131088257
v 0.48412659764289856 0.25846338272094727 1.1385244131088257
v -0.48412659764289856 0.41955554485321045 0.9996577501296997
v -0.5292166471481323 0.41955554485321045 1.0071818828582764
v -0.5238139629364014 0.44494056701660156 1.0229191780090332
v -0.48412659764289856 0.44494056701660156 1.0162965059280396
v -0.48412659764289856 0.25846338272094727 1.1385244131088257
v -0.49566730856895447 0.2619190216064453 1.104907512664795
v -0.48412659764289856 0.2619190216064453 1.102981686592102
v -0.48412659764289856 0.3917196989059448 0.9910893440246582
v -0.5319987535476685 0.3917196989059448 0.9990777373313904
v -0.48412659764289856 0.36305081844329834 0.9910893440246582
v -0.5319987535476685 0.36305081844329834 0.9990777373313904
v -0.48412659764289856 0.3352149724960327 0.9996577501296997
v -0.5292166471481323 0.3352149724960327 1.0071818828582764
v -0.48412659764289856 0.49285149574279785 1.102981686592102
v -0.49566730856895447 0.49285149574279785 1.104907512664795
v -0.48412659764289856 0.4963071346282959 1.1385244131088257
v -0.48412659764289856 0.3098299503326416 1.0162965059280396
v -0.5238139629364014 0.3098299503326416 1.0229191780090332
v -0.48412659764289856 0.4826853573322296 1.0695046186447144
v -0.5065373182296753 0.4826853573322296 1.073244333267212
v -0.48412665724754333 0.2883709669113159 1.040038824081421
v -0.5161049365997314 0.2883709669113159 1.0453749895095825
v -0.48412665724754333 0.46639955043792725 1.040038824081421
v -0.5161049365997314 0.46639955043792725 1.0453749895095825
v -0.48412659764289856 0.27208516001701355 1.0695046186447144
v -0.5065373182296753 0.27208516001701355 1.073244333267212
v -0.5746831893920898 0.36305081844329834 1.0221774578094482
v -0.5746831893920898 0.3917196989059448 1.0221774578094482
v -0.569420337677002 0.3352149724960327 1.0289390087127686
v -0.5059573650360107 0.49285149574279785 1.1104762554168701
v -0.48412659764289856 0.4963071346282959 1.1385244131088257
v -0.5592005252838135 0.3098299503326416 1.042069435119629
v -0.5265194177627563 0.4826853573322296 1.084058165550232
v -0.544617772102356 0.2883709669113159 1.0608054399490356
v -0.544617772102356 0.46639955043792725 1.0608054399490356
v -0.5265194177627563 0.27208516001701355 1.084058165550232
v -0.5592005252838135 0.44494056701660156 1.042069435119629
v -0.5059573650360107 0.2619190216064453 1.1104762554168701
v -0.569420337677002 0.41955554485321045 1.0289390087127686
v -0.48412659764289856 0.25846338272094727 1.1385244131088257
v -0.5419076681137085 0.4826853573322296 1.1007741689682007
v -0.5138818025588989 0.49285149574279785 1.119084358215332
v -0.5665755271911621 0.2883709669113159 1.084657907485962
v -0.5864517688751221 0.3098299503326416 1.0716720819473267
v -0.5665755271911621 0.46639955043792725 1.084657907485962
v -0.5419076681137085 0.27208516001701355 1.1007741689682007
v -0.5864517688751221 0.44494056701660156 1.0716720819473267
v -0.5138818025588989 0.2619190216064453 1.119084358215332
v -0.6003812551498413 0.41955554485321045 1.0625715255737305
v -0.48412659764289856 0.25846338272094727 1.1385244131088257
v -0.6075544357299805 0.3917196989059448 1.0578850507736206
v -0.6075544357299805 0.36305081844329834 1.0578850507736206
v -0.6003812551498413 0.3352149724960327 1.0625715255737305
v -0.48412659764289856 0.4963071346282959 1.1385244131088257
v -0.518581748008728 0.2619190216064453 1.129799246788025
v -0.5510344505310059 0.27208516001701355 1.1215810775756836
v -0.6187441349029541 0.41955554485321045 1.1044347286224365
v -0.6026144027709961 0.44494056701660156 1.108519196510315
v -0.48412659764289856 0.25846338272094727 1.1385244131088257
v -0.6270502805709839 0.3917196989059448 1.102331280708313
v -0.6270502805709839 0.36305081844329834 1.102331280708313
v -0.6187441349029541 0.3352149724960327 1.1044347286224365
v -0.518581748008728 0.49285149574279785 1.129799246788025
v -0.48412659764289856 0.4963071346282959 1.1385244131088257
v -0.6026144027709961 0.3098299503326416 1.108519196510315
v -0.5510344505310059 0.4826853573322296 1.1215810775756836
v -0.5795986652374268 0.2883709669113159 1.1143476963043213
v -0.5795986652374268 0.46639955043792725 1.1143476963043213
v -0.6225190162658691 0.3352149724960327 1.1499919891357422
v -0.6310582160949707 0.36305081844329834 1.150699496269226
v -0.5195479393005371 0.49285149574279785 1.1414594650268555
v -0.48412659764289856 0.4963071346282959 1.1385244131088257
v -0.6059370040893555 0.3098299503326416 1.1486179828643799
v -0.5529106855392456 0.4826853573322296 1.1442240476608276
v -0.5822758674621582 0.2883709669113159 1.1466573476791382
v -0.5822758674621582 0.46639955043792725 1.1466573476791382
v -0.5529106855392456 0.27208516001701355 1.1442240476608276
v -0.6059370040893555 0.44494056701660156 1.1486179828643799
v -0.5195479393005371 0.2619190216064453 1.1414594650268555
v -0.6225190162658691 0.41955554485321045 1.1499919891357422
v -0.48412659764289856 0.25846338272094727 1.1385244131088257
v -0.6310582160949707 0.3917196989059448 1.150699496269226
v -0.574317216873169 0.2883709669113159 1.1780856847763062
v -0.5960596799850464 0.3098299503326416 1.1876227855682373
v -0.574317216873169 0.46639955043792725 1.1780856847763062
v -0.5473331212997437 0.4826853573322296 1.166249394416809
v -0.5473331212997437 0.27208516001701355 1.166249394416809
v -0.5960596799850464 0.44494056701660156 1.1876227855682373
v -0.5166757106781006 0.2619190216064453 1.152801752090454
v -0.6112970113754272 0.41955554485321045 1.1943066120147705
v -0.48412659764289856 0.25846338272094727 1.1385244131088257
v -0.6191437244415283 0.3917196989059448 1.1977484226226807
v -0.6191437244415283 0.36305081844329834 1.1977484226226807
v -0.6112970113754272 0.3352149724960327 1.1943066120147705
v -0.5166757106781006 0.49285149574279785 1.152801752090454
v -0.48412659764289856 0.4963071346282959 1.1385244131088257
v -0.5862941741943359 0.41955554485321045 1.2325762510299683
v -0.5740525722503662 0.44494056701660156 1.2213071584701538
v -0.48412659764289856 0.25846338272094727 1.1385244131088257
v -0.510276198387146 0.2619190216064453 1.1625968217849731
v -0.5925981998443604 0.3917196989059448 1.2383794784545898
v -0.5925981998443604 0.36305081844329834 1.2383794784545898
v -0.5862941741943359 0.3352149724960327 1.2325762510299683
v -0.510276198387146 0.49285149574279785 1.1625968217849731
v -0.48412659764289856 0.4963071346282959 1.1385244131088257
v -0.5740525722503662 0.3098299503326416 1.2213071584701538
v -0.5349061489105225 0.4826853573322296 1.1852701902389526
v -0.5565848350524902 0.2883709669113159 1.2052268981933594
v -0.5565848350524902 0.46639955043792725 1.2052268981933594
v -0.5349061489105225 0.27208516001701355 1.1852701902389526
v -0.5502198934555054 0.3352149724960327 1.260654091835022
v -0.554297924041748 0.36305081844329834 1.2681896686553955
v -0.5010430812835693 0.49285149574279785 1.1697832345962524
v -0.48412659764289856 0.4963071346282959 1.1385244131088257
v -0.5423007011413574 0.3098299503326416 1.2460206747055054
v -0.5169763565063477 0.4826853573322296 1.1992254257202148
v -0.5310006141662598 0.2883709669113159 1.2251399755477905
v -0.5310006141662598 0.46639955043792725 1.2251399755477905
v -0.5169763565063477 0.27208516001701355 1.1992254257202148
v -0.5423007011413574 0.44494056701660156 1.2460206747055054
v -0.5010430812835693 0.2619190216064453 1.1697832345962524
v -0.5502198934555054 0.41955554485321045 1.260654091835022
v -0.48412659764289856 0.25846338272094727 1.1385244131088257
v -0.554297924041748 0.3917196989059448 1.2681896686553955
v -0.500336766242981 0.46639955043792725 1.2356668710708618
v -0.4954868257045746 0.4826853573322296 1.2066028118133545
v -0.4954868257045746 0.27208516001701355 1.2066028118133545
v -0.500336766242981 0.2883709669113159 1.2356668710708618
v -0.5042446851730347 0.44494056701660156 1.2590852975845337
v -0.4899767339229584 0.2619190216064453 1.1735823154449463
v -0.5069832801818848 0.41955554485321045 1.2754971981048584
v -0.48412659764289856 0.25846338272094727 1.1385244131088257
v -0.5083936452865601 0.3917196989059448 1.2839486598968506
v -0.5083936452865601 0.36305081844329834 1.2839486598968506
v -0.5069832801818848 0.3352149724960327 1.2754971981048584
v -0.4899767339229584 0.49285149574279785 1.1735823154449463
v -0.48412659764289856 0.4963071346282959 1.1385244131088257
v -0.5042446851730347 0.3098299503326416 1.2590852975845337
v -0.48412659764289856 0.25846338272094727 1.1385244131088257
v -0.47827646136283875 0.2619190216064453 1.1735823154449463
v -0.45985957980155945 0.3917196989059448 1.2839486598968506
v -0.4612698256969452 0.41955554485321045 1.2754971981048584
v -0.45985957980155945 0.36305081844329834 1.2839486598968506
v -0.4612698256969452 0.3352149724960327 1.2754971981048584
v -0.47827646136283875 0.49285149574279785 1.1735823154449463
v -0.48412659764289856 0.4963071346282959 1.1385244131088257
v -0.46400853991508484 0.3098299503326416 1.2590852975845337
v -0.47276630997657776 0.4826853573322296 1.2066028118133545
v -0.467916339635849 0.2883709669113159 1.2356668710708618
v -0.467916339635849 0.46639955043792725 1.2356668710708618
v -0.47276630997657776 0.27208516001701355 1.2066028118133545
v -0.46400853991508484 0.44494056701660156 1.2590852975845337
v -0.41803333163261414 0.3352149724960327 1.2606539726257324
v -0.4139551818370819 0.36305081844329834 1.2681896686553955
v -0.46721014380455017 0.49285149574279785 1.1697832345962524
v -0.48412659764289856 0.4963071346282959 1.1385244131088257
v -0.4259525239467621 0.3098299503326416 1.2460205554962158
v -0.4512768089771271 0.4826853573322296 1.1992254257202148
v -0.43725261092185974 0.2883709669113159 1.2251399755477905
v -0.43725261092185974 0.46639955043792725 1.2251399755477905
v -0.4512768089771271 0.27208516001701355 1.1992254257202148
v -0.4259525239467621 0.44494056701660156 1.2460205554962158
v -0.46721014380455017 0.2619190216064453 1.1697832345962524
v -0.41803333163261414 0.41955554485321045 1.2606539726257324
v -0.48412659764289856 0.25846338272094727 1.1385244131088257
v -0.4139551818370819 0.3917196989059448 1.2681896686553955
v -0.43334707617759705 0.27208516001701355 1.1852701902389526
v -0.4116683304309845 0.2883709669113159 1.2052268981933594
v -0.3942005932331085 0.44494056701660156 1.2213070392608643
v -0.4116683304309845 0.46639955043792725 1.2052268981933594
v -0.4579770267009735 0.2619190216064453 1.1625968217849731
v -0.38195905089378357 0.41955554485321045 1.2325762510299683
v -0.48412659764289856 0.25846338272094727 1.1385244131088257
v -0.37565502524375916 0.3917196989059448 1.2383794784545898
v -0.37565502524375916 0.36305081844329834 1.2383794784545898
v -0.38195905089378357 0.3352149724960327 1.2325762510299683
v -0.4579770267009735 0.49285149574279785 1.1625968217849731
v -0.48412659764289856 0.4963071346282959 1.1385244131088257
v -0.3942005932331085 0.3098299503326416 1.2213070392608643
v -0.43334707617759705 0.4826853573322296 1.1852701902389526
v -0.3491094410419464 0.3917196989059448 1.1977484226226807
v -0.3569560945034027 0.41955554485321045 1.194306492805481
v -0.3491094410419464 0.36305081844329834 1.1977484226226807
v -0.3569560945034027 0.3352149724960327 1.194306492805481
v -0.4515775144100189 0.49285149574279785 1.152801752090454
v -0.48412659764289856 0.4963071346282959 1.1385244131088257
v -0.3721935451030731 0.3098299503326416 1.1876227855682373
v -0.42092010378837585 0.4826853573322296 1.1662492752075195
v -0.39393606781959534 0.2883709669113159 1.1780856847763062
v -0.39393606781959534 0.46639955043792725 1.1780856847763062
v -0.42092010378837585 0.27208516001701355 1.1662492752075195
v -0.3721935451030731 0.44494056701660156 1.1876227855682373
v -0.4515775144100189 0.2619190216064453 1.152801752090454
v -0.48412659764289856 0.25846338272094727 1.1385244131088257
v -0.4487052857875824 0.49285149574279785 1.1414594650268555
v -0.48412659764289856 0.4963071346282959 1.1385244131088257
v -0.36231622099876404 0.3098299503326416 1.1486178636550903
v -0.34573420882225037 0.3352149724960327 1.1499918699264526
v -0.4153425395488739 0.4826853573322296 1.1442240476608276
v -0.3859773576259613 0.2883709669113159 1.1466572284698486
v -0.3859773576259613 0.46639955043792725 1.1466572284698486
v -0.4153425395488739 0.27208516001701355 1.1442240476608276
v -0.36231622099876404 0.44494056701660156 1.1486178636550903
v -0.4487052857875824 0.2619190216064453 1.1414594650268555
v -0.34573420882225037 0.41955554485321045 1.1499918699264526
v -0.48412659764289856 0.25846338272094727 1.1385244131088257
v -0.3371950089931488 0.3917196989059448 1.150699496269226
v -0.3371950089931488 0.36305081844329834 1.150699496269226
v -0.4153425395488739 0.27208516001701355 1.1442240476608276
v -0.4172188341617584 0.27208516001701355 1.1215810775756836
v -0.38865455985069275 0.2883709669113159 1.1143475770950317
v -0.3859773576259613 0.2883709669113159 1.1466572284698486
v -0.36231622099876404 0.44494056701660156 1.1486178636550903
v -0.3656388223171234 0.44494056701660156 1.108519196510315
v -0.38865455985069275 0.46639955043792725 1.1143475770950317
v -0.3859773576259613 0.46639955043792725 1.1466572284698486
v -0.4487052857875824 0.2619190216064453 1.1414594650268555
v -0.4496714770793915 0.2619190216064453 1.129799246788025
v -0.34573420882225037 0.41955554485321045 1.1499918699264526
v -0.3495091497898102 0.41955554485321045 1.104434609413147
v -0.48412659764289856 0.25846338272094727 1.1385244131088257
v -0.3371950089931488 0.3917196989059448 1.150699496269226
v -0.3412029445171356 0.3917196989059448 1.102331280708313
v -0.3371950089931488 0.36305081844329834 1.150699496269226
v -0.3412029445171356 0.36305081844329834 1.102331280708313
v -0.34573420882225037 0.3352149724960327 1.1499918699264526
v -0.3495091497898102 0.3352149724960327 1.104434609413147
v -0.4487052857875824 0.49285149574279785 1.1414594650268555
v -0.4496714770793915 0.49285149574279785 1.129799246788025
v -0.48412659764289856 0.4963071346282959 1.1385244131088257
v -0.36231622099876404 0.3098299503326416 1.1486178636550903
v -0.3656388223171234 0.3098299503326416 1.108519196510315
v -0.4153425395488739 0.4826853573322296 1.1442240476608276
v -0.4172188341617584 0.4826853573322296 1.1215810775756836
v -0.3606989085674286 0.36305081844329834 1.0578850507736206
v -0.3606989085674286 0.3917196989059448 1.0578850507736206
v -0.367872029542923 0.3352149724960327 1.0625715255737305
v -0.4543714225292206 0.49285149574279785 1.119084358215332
v -0.48412659764289856 0.4963071346282959 1.1385244131088257
v -0.3818015158176422 0.3098299503326416 1.0716720819473267
v -0.426345556974411 0.4826853573322296 1.1007741689682007
v -0.4016776978969574 0.2883709669113159 1.084657907485962
v -0.4016776978969574 0.46639955043792725 1.084657907485962
v -0.426345556974411 0.27208516001701355 1.1007741689682007
v -0.3818015158176422 0.44494056701660156 1.0716720819473267
v -0.4543714225292206 0.2619190216064453 1.119084358215332
v -0.367872029542923 0.41955554485321045 1.0625715255737305
v -0.48412659764289856 0.25846338272094727 1.1385244131088257
v -0.40905269980430603 0.3098299503326416 1.042069435119629
v -0.39883288741111755 0.3352149724960327 1.028939127922058
v -0.44173380732536316 0.4826853573322296 1.084058165550232
v -0.46229586005210876 0.49285149574279785 1.1104762554168701
v -0.42363545298576355 0.2883709669113159 1.0608054399490356
v -0.42363545298576355 0.46639955043792725 1.0608054399490356
v -0.44173380732536316 0.27208516001701355 1.084058165550232
v -0.40905269980430603 0.44494056701660156 1.042069435119629
v -0.46229586005210876 0.2619190216064453 1.1104762554168701
v -0.39883288741111755 0.41955554485321045 1.028939127922058
v -0.48412659764289856 0.25846338272094727 1.1385244131088257
v -0.39357009530067444 0.3917196989059448 1.0221774578094482
v -0.39357009530067444 0.36305081844329834 1.0221774578094482
v -0.48412659764289856 0.4963071346282959 1.1385244131088257
v -0.44443926215171814 0.44494056701660156 1.0229191780090332
v -0.4521484076976776 0.46639955043792725 1.0453749895095825
v -0.47258588671684265 0.2619190216064453 1.104907512664795
v -0.4617159068584442 0.27208516001701355 1.073244333267212
v -0.43903669714927673 0.41955554485321045 1.0071818828582764
v -0.48412659764289856 0.25846338272094727 1.1385244131088257
v -0.43625447154045105 0.3917196989059448 0.9990777969360352
v -0.43625447154045105 0.36305081844329834 0.9990777969360352
v -0.43903669714927673 0.3352149724960327 1.0071818828582764
v -0.47258588671684265 0.49285149574279785 1.104907512664795
v -0.48412659764289856 0.4963071346282959 1.1385244131088257
v -0.44443926215171814 0.3098299503326416 1.0229191780090332
v -0.4617159068584442 0.4826853573322296 1.073244333267212
v -0.4521484076976776 0.2883709669113159 1.0453749895095825
v -0.48412659764289856 0.4963071346282959 1.1385244131088257
v -0.48412659764289856 0.25846338272094727 1.1385244131088257
vt 0.4103204905986786 0.6013625264167786
vt 0.4005686938762665 0.8118528127670288
vt 0.5710660219192505 0.9231005907058716
vt 0.5653119087219238 0.6558483242988586
vt 0.5653119087219238 0.6558483242988586
vt 0.5666654109954834 0.6689892411231995
vt 0.5666654109954834 0.6689891815185547
vt 0.5653119087219238 0.6558483242988586
vt 0.5710660219192505 0.9231005907058716
vt 0.4005686938762665 0.8118528127670288
vt 0.4103204905986786 0.6013625264167786
vt 0.3346138000488281 0.5456164479255676
vt 0.32672828435897827 0.7059465646743774
vt 0.4103204607963562 0.6013624668121338
vt 0.5710660219192505 0.9231005907058716
vt 0.40056872367858887 0.8118528127670288
vt 0.5744215846061707 0.8919563889503479
vt 0.5666654109954834 0.6689892411231995
vt 0.662530779838562 0.6497003436088562
vt 0.6477193832397461 0.9503627419471741
vt 0.5744215846061707 0.8919563889503479
vt 0.5744215846061707 0.8919563889503479
vt 0.6477193832397461 0.9503627419471741
vt 0.6597377061843872 0.9111157059669495
vt 0.6597377061843872 0.9111157059669495
vt 0.662530779838562 0.6497003436088562
vt 0.662530779838562 0.6497003436088562
vt 0.6477193832397461 0.9503627419471741
vt 0.6610666513442993 0.6737268567085266
vt 0.6597377061843872 0.9111157059669495
vt 0.7620633244514465 0.9163803458213806
vt 0.7073593735694885 0.5873424410820007
vt 0.6610666513442993 0.6737268567085266
vt 0.6610666513442993 0.6737268567085266
vt 0.7073593735694885 0.5873424410820007
vt 0.7101706266403198 0.6017684936523438
vt 0.7101706266403198 0.6017684936523438
vt 0.7073593735694885 0.5873424410820007
vt 0.7620633244514465 0.9163803458213806
vt 0.7620633244514465 0.9163804054260254
vt 0.7582961916923523 0.8854473233222961
vt 0.7582961320877075 0.8854472637176514
vt 0.8570788502693176 0.6918290257453918
vt 0.8570788502693176 0.6918290257453918
vt 0.7582961320877075 0.8854472637176514
vt 0.7101706266403198 0.6017684936523438
vt 0.7194923758506775 0.5688183307647705
vt 0.7279629707336426 0.577350378036499
vt 0.8405073881149292 0.6764023303985596
vt 0.8570788502693176 0.6918290257453918
vt 0.7194923758506775 0.5688183307647705
vt 0.7194924354553223 0.5688183307647705
vt 0.7279629707336426 0.577350378036499
vt 0.7279629707336426 0.577350378036499
vt 0.6972954273223877 0.48353683948516846
vt 0.6972954273223877 0.48353683948516846
vt 0.8405072689056396 0.67640221118927
vt 0.8405073881149292 0.6764023303985596
vt 0.8425962328910828 0.4497087597846985
vt 0.6972954273223877 0.48353683948516846
vt 0.711531400680542 0.48022252321243286
vt 0.8283601999282837 0.4530230760574341
vt 0.842596173286438 0.4497087597846985
vt 0.8425962328910828 0.4497087597846985
vt 0.8283601999282837 0.4530230760574341
vt 0.7680743932723999 0.26279258728027344
vt 0.7680743932723999 0.26279252767562866
vt 0.711531400680542 0.48022252321243286
vt 0.7115313410758972 0.48022252321243286
vt 0.8283601999282837 0.4530230760574341
vt 0.752878725528717 0.275398850440979
vt 0.7528787851333618 0.2753989100456238
vt 0.7680743932723999 0.26279258728027344
vt 0.6500914096832275 0.3567267656326294
vt 0.6500914096832275 0.3567267656326294
vt 0.6500914096832275 0.3567267656326294
vt 0.6481938362121582 0.14824020862579346
vt 0.6481938362121582 0.14824020862579346
vt 0.752878725528717 0.275398850440979
vt 0.6716198325157166 0.3428107500076294
vt 0.6716198325157166 0.3428107500076294
vt 0.6716198325157166 0.3428107500076294
vt 0.6100621223449707 0.2618149518966675
vt 0.5986586213111877 0.24870741367340088
vt 0.6445083022117615 0.186629056930542
vt 0.6481938362121582 0.14824020862579346
vt 0.6100621223449707 0.2618149518966675
vt 0.6100621223449707 0.2618149518966675
vt 0.32672828435897827 0.7059465050697327
vt 0.291095107793808 0.6572914719581604
vt 0.29109513759613037 0.6572915315628052
vt 0.3346138000488281 0.5456164479255676
vt 0.3346138000488281 0.5456164479255676
vt 0.38702988624572754 0.8012367486953735
vt 0.38702988624572754 0.8012367486953735
vt 0.32672828435897827 0.7059465646743774
vt 0.287859171628952 0.49346208572387695
vt 0.291095107793808 0.6572914719581604
vt 0.16912923753261566 0.502687394618988
vt 0.1786087304353714 0.4138544797897339
vt 0.2829339802265167 0.6642084121704102
vt 0.30944952368736267 0.6901500821113586
vt 0.2878592014312744 0.49346214532852173
vt 0.287859171628952 0.49346208572387695
vt 0.3007463216781616 0.5915249586105347
vt 0.3175787329673767 0.6060321927070618
vt 0.16912922263145447 0.5026873350143433
vt 0.16912923753261566 0.502687394618988
vt 0.16908594965934753 0.502687394618988
vt 0.16908594965934753 0.502687394618988
vt 0.178608700633049 0.41385436058044434
vt 0.1786087304353714 0.4138544797897339
vt 0.6445083022117615 0.186629056930542
vt 0.44921910762786865 0.12830626964569092
vt 0.4479808807373047 0.13134020566940308
vt 0.5986586213111877 0.24870741367340088
vt 0.5986586809158325 0.24870741367340088
vt 0.47388508915901184 0.11970210075378418
vt 0.47388505935668945 0.11970210075378418
vt 0.6445083022117615 0.186629056930542
vt 0.4094102382659912 0.21180886030197144
vt 0.41064852476119995 0.20877492427825928
vt 0.4467426836490631 0.13437414169311523
vt 0.4081719219684601 0.2148427963256836
vt 0.46819597482681274 0.13845539093017578
vt 0.46819594502449036 0.13845539093017578
vt 0.46819597482681274 0.13845539093017578
vt 0.47388508915901184 0.11970210075378418
vt 0.3364826440811157 0.7208257913589478
vt 0.27070340514183044 0.6785773634910583
vt 0.28208616375923157 0.7130325436592102
vt 0.38702988624572754 0.8012367486953735
vt 0.3364826440811157 0.7208257913589478
vt 0.3364827036857605 0.7208258509635925
vt 0.27070340514183044 0.6785773634910583
vt 0.28208616375923157 0.7130325436592102
vt 0.2238844633102417 0.6631231904029846
vt 0.2190624624490738 0.6387044191360474
vt 0.2820861339569092 0.7130324840545654
vt 0.27070340514183044 0.6785773634910583
vt 0.2190624326467514 0.6387042999267578
vt 0.16656267642974854 0.5985859036445618
vt 0.16656267642974854 0.5985859036445618
vt 0.2190624624490738 0.6387044191360474
vt 0.2238844633102417 0.6631231904029846
vt 0.2238844633102417 0.6631231904029846
vt 0.16922219097614288 0.6120539903640747
vt 0.16922219097614288 0.6120539903640747
vt 0.15947672724723816 0.5924047827720642
vt 0.15947672724723816 0.5924047827720642
vt 0.16656267642974854 0.5985859036445618
vt 0.16922219097614288 0.6120539903640747
vt 0.14922161400318146 0.49004483222961426
vt 0.14922161400318146 0.49004483222961426
vt 0.16908594965934753 0.502687394618988
vt 0.17360030114650726 0.4812644124031067
vt 0.17360030114650726 0.48126447200775146
vt 0.17360030114650726 0.4812644124031067
vt 0.1509682536125183 0.48181581497192383
vt 0.14922161400318146 0.49004483222961426
vt 0.14274390041828156 0.4827759265899658
vt 0.1433601975440979 0.47987276315689087
vt 0.1509682536125183 0.48181581497192383
vt 0.1509682536125183 0.48181581497192383
vt 0.1433601975440979 0.47987276315689087
vt 0.14274388551712036 0.4827759265899658
vt 0.14274390041828156 0.4827759265899658
vt 0.1433601975440979 0.47987276315689087
vt 0.15919841825962067 0.590932309627533
vt 0.15919841825962067 0.590932309627533
vt 0.15947672724723816 0.5924047827720642
vt 0.15919841825962067 0.590932309627533
vt 0.2829339802265167 0.6642084121704102
vt 0.26887547969818115 0.6486551761627197
vt 0.2707105576992035 0.5756487846374512
vt 0.30944952368736267 0.6901500821113586
vt 0.279278963804245 0.6628604531288147
vt 0.3007463216781616 0.5915249586105347
vt 0.3175787329673767 0.6060321927070618
vt 0.28244179487228394 0.5863671898841858
vt 0.27915334701538086 0.6633599400520325
vt 0.2687499523162842 0.6491546630859375
vt 0.27058494091033936 0.5761482119560242
vt 0.2825673818588257 0.5858680009841919
vt 0.6098567843437195 0.5643263459205627
vt 0.6451802849769592 0.6294366717338562
vt 0.6709792613983154 0.6207613348960876
vt 0.6261922717094421 0.5588332414627075
vt 0.6722240447998047 0.6318722367286682
vt 0.6269804239273071 0.5658684372901917
vt 0.6464252471923828 0.6405476331710815
vt 0.6106451153755188 0.5713616013526917
vt 0.6089982986450195 0.49618589878082275
vt 0.6083823442459106 0.4906883239746094
vt 0.5962333083152771 0.5004784464836121
vt 0.5956172943115234 0.4949808120727539
vt 0.5759979486465454 0.4288218021392822
vt 0.576890230178833 0.4367862343788147
vt 0.5953834056854248 0.43056756258010864
vt 0.5760447978973389 0.4082753658294678
vt 0.5856257677078247 0.40505361557006836
vt 0.5944908857345581 0.42260313034057617
vt 0.5851632952690125 0.4009273052215576
vt 0.5755825638771057 0.4041491746902466
vt 0.6098567843437195 0.5643263459205627
vt 0.6261922717094421 0.5588332414627075
vt 0.6709792613983154 0.6207613348960876
vt 0.6451802849769592 0.6294366717338562
vt 0.6269804239273071 0.5658684372901917
vt 0.6722240447998047 0.6318722367286682
vt 0.6106451153755188 0.5713616013526917
vt 0.6464252471923828 0.6405476331710815
vt 0.6083823442459106 0.4906883239746094
vt 0.6089982986450195 0.49618589878082275
vt 0.5962333083152771 0.5004784464836121
vt 0.576890230178833 0.4367862343788147
vt 0.5759979486465454 0.4288218021392822
vt 0.5956172943115234 0.4949808120727539
vt 0.5953834056854248 0.43056756258010864
vt 0.5856257677078247 0.40505361557006836
vt 0.5760447978973389 0.4082753658294678
vt 0.5944908857345581 0.42260313034057617
vt 0.5851632952690125 0.4009273052215576
vt 0.5755825638771057 0.4041491746902466
vt 0.5895251035690308 0.5581840872764587
vt 0.6150122284889221 0.63912433385849
vt 0.6411978602409363 0.6391410231590271
vt 0.6032243371009827 0.5590197443962097
vt 0.6424784660339355 0.6388006806373596
vt 0.6040351986885071 0.5588042140007019
vt 0.6162927746772766 0.6387839317321777
vt 0.5903361439704895 0.5579685568809509
vt 0.5928696990013123 0.48300695419311523
vt 0.5922359824180603 0.4831753969192505
vt 0.5799131989479065 0.48299872875213623
vt 0.5792796611785889 0.4831671118736267
vt 0.5661248564720154 0.4108785390853882
vt 0.5670427083969116 0.4106345772743225
vt 0.5858131647109985 0.41064655780792236
vt 0.5687170624732971 0.38357532024383545
vt 0.578441321849823 0.3835815191268921
vt 0.5848950147628784 0.41089051961898804
vt 0.5779657959938049 0.3837078809738159
vt 0.5682414174079895 0.3837016820907593
vt 0.5895251035690308 0.5581840872764587
vt 0.6032243371009827 0.5590197443962097
vt 0.6411978602409363 0.6391410231590271
vt 0.6150122284889221 0.63912433385849
vt 0.6040351986885071 0.5588042140007019
vt 0.6424784660339355 0.6388006806373596
vt 0.5903361439704895 0.5579685568809509
vt 0.6162927746772766 0.6387839317321777
vt 0.5922359824180603 0.4831753969192505
vt 0.5928696990013123 0.48300695419311523
vt 0.5799131989479065 0.48299872875213623
vt 0.5670427083969116 0.4106345772743225
vt 0.5661248564720154 0.4108785390853882
vt 0.5792796611785889 0.4831671118736267
vt 0.5858131647109985 0.41064655780792236
vt 0.578441321849823 0.3835815191268921
vt 0.5687170624732971 0.38357532024383545
vt 0.5848950147628784 0.41089051961898804
vt 0.5779657959938049 0.3837078809738159
vt 0.5682414174079895 0.3837016820907593
vt 0.6307452917098999 0.5182241201400757
vt 0.6670677065849304 0.6032556295394897
vt 0.6977574229240417 0.5997739434242249
vt 0.6501775979995728 0.5160195827484131
vt 0.6983760595321655 0.612801194190979
vt 0.6505692601203918 0.5242682099342346
vt 0.6676863431930542 0.6162829399108887
vt 0.6311370730400085 0.5264727473258972
vt 0.6347848176956177 0.43842649459838867
vt 0.6344786882400513 0.4319807291030884
vt 0.6195998191833496 0.440149188041687
vt 0.6192935705184937 0.4337034821510315
vt 0.6013416051864624 0.35155874490737915
vt 0.6017851829528809 0.3608969449996948
vt 0.623784065246582 0.3584010601043701
vt 0.6029126644134521 0.3274839520454407
vt 0.6143098473548889 0.3261910080909729
vt 0.6233406662940979 0.34906303882598877
vt 0.6140801310539246 0.32135313749313354
vt 0.602682888507843 0.3226460814476013
vt 0.6307452917098999 0.5182241201400757
vt 0.6501775979995728 0.5160195827484131
vt 0.6977574229240417 0.5997739434242249
vt 0.6670677065849304 0.6032556295394897
vt 0.6505692601203918 0.5242682099342346
vt 0.6983760595321655 0.612801194190979
vt 0.6311370730400085 0.5264727473258972
vt 0.6676863431930542 0.6162829399108887
vt 0.6344786882400513 0.4319807291030884
vt 0.6347848176956177 0.43842649459838867
vt 0.6195998191833496 0.440149188041687
vt 0.6017851829528809 0.3608969449996948
vt 0.6013416051864624 0.35155874490737915
vt 0.6192935705184937 0.4337034821510315
vt 0.623784065246582 0.3584010601043701
vt 0.6143098473548889 0.3261910080909729
vt 0.6029126644134521 0.3274839520454407
vt 0.6233406662940979 0.34906303882598877
vt 0.6140801310539246 0.32135313749313354
vt 0.602682888507843 0.3226460814476013
vt 0.6160649657249451 0.5935485363006592
vt 0.6566110849380493 0.6686947345733643
vt 0.6845927834510803 0.6583512425422668
vt 0.6337825059890747 0.5869992971420288
vt 0.6879470944404602 0.6458114981651306
vt 0.6359063982963562 0.5790593028068542
vt 0.6599655151367188 0.6561549305915833
vt 0.6181890368461609 0.5856085419654846
vt 0.6137997508049011 0.5045955181121826
vt 0.6121399998664856 0.5108000636100769
vt 0.5999546647071838 0.5097132921218872
vt 0.5982949137687683 0.5159178376197815
vt 0.5744422078132629 0.44641822576522827
vt 0.576846718788147 0.4374295473098755
vt 0.5969043970108032 0.4300152063369751
vt 0.5747019648551941 0.41033482551574707
vt 0.5850935578346252 0.4064936637878418
vt 0.5945000052452087 0.43900394439697266
vt 0.5838479399681091 0.41115057468414307
vt 0.5734564065933228 0.41499173641204834
vt 0.6160649657249451 0.5935485363006592
vt 0.6337825059890747 0.5869992971420288
vt 0.6845927834510803 0.6583512425422668
vt 0.6566110849380493 0.6686947345733643
vt 0.6359063982963562 0.5790593028068542
vt 0.6879470944404602 0.6458114981651306
vt 0.6181890368461609 0.5856085419654846
vt 0.6599655151367188 0.6561549305915833
vt 0.6121399998664856 0.5108000636100769
vt 0.6137997508049011 0.5045955181121826
vt 0.5999546647071838 0.5097132921218872
vt 0.576846718788147 0.4374295473098755
vt 0.5744422078132629 0.44641822576522827
vt 0.5982949137687683 0.5159178376197815
vt 0.5969043970108032 0.4300152063369751
vt 0.5850935578346252 0.4064936637878418
vt 0.5747019648551941 0.41033482551574707
vt 0.5945000052452087 0.43900394439697266
vt 0.5838479399681091 0.41115057468414307
vt 0.5734564065933228 0.41499173641204834
vt 0.4503856599330902 0.5234236121177673
vt 0.4471021592617035 0.5400795340538025
vt 0.4974973499774933 0.5755639672279358
vt 0.5016835927963257 0.5543285012245178
vt 0.49810025095939636 0.5790976881980896
vt 0.5022864937782288 0.5578621625900269
vt 0.44757506251335144 0.5428512096405029
vt 0.4508585035800934 0.526195228099823
vt 0.39901310205459595 0.5051069855690002
vt 0.39838966727256775 0.5218884348869324
vt 0.3992568850517273 0.5065364837646484
vt 0.40507808327674866 0.4469788074493408
vt 0.40466493368148804 0.4460943937301636
vt 0.39879778027534485 0.5242810249328613
vt 0.39303791522979736 0.5025726556777954
vt 0.3883889317512512 0.5176466107368469
vt 0.38798072934150696 0.5152538418769836
vt 0.39279404282569885 0.5011431574821472
vt 0.39995720982551575 0.44772660732269287
vt 0.4032805263996124 0.40118908882141113
vt 0.4074050486087799 0.4038180112838745
vt 0.39954397082328796 0.4468422532081604
vt 0.435101181268692 0.382266640663147
vt 0.4405112564563751 0.3857156038284302
vt 0.40724316239356995 0.4028698801994324
vt 0.40311869978904724 0.400240957736969
vt 0.44029927253723145 0.3844716548919678
vt 0.43488919734954834 0.38102275133132935
vt 0.4503856599330902 0.5234236121177673
vt 0.5016835927963257 0.5543285012245178
vt 0.4974973499774933 0.5755639672279358
vt 0.4471021592617035 0.5400795340538025
vt 0.5022864937782288 0.5578621625900269
vt 0.49810025095939636 0.5790976881980896
vt 0.4508585035800934 0.526195228099823
vt 0.44757506251335144 0.5428512096405029
vt 0.39838966727256775 0.5218884348869324
vt 0.39901310205459595 0.5051069855690002
vt 0.40466493368148804 0.4460943937301636
vt 0.40507808327674866 0.4469788074493408
vt 0.3992568850517273 0.5065364837646484
vt 0.39879778027534485 0.5242810249328613
vt 0.39303791522979736 0.5025726556777954
vt 0.39279404282569885 0.5011431574821472
vt 0.38798072934150696 0.5152538418769836
vt 0.3883889317512512 0.5176466107368469
vt 0.4074050486087799 0.4038180112838745
vt 0.4032805263996124 0.40118908882141113
vt 0.39995720982551575 0.44772660732269287
vt 0.39954397082328796 0.4468422532081604
vt 0.4405112564563751 0.3857156038284302
vt 0.435101181268692 0.382266640663147
vt 0.40724316239356995 0.4028698801994324
vt 0.40311869978904724 0.400240957736969
vt 0.44029927253723145 0.3844716548919678
vt 0.43488919734954834 0.38102275133132935
vt 0.4905320405960083 0.5214961171150208
vt 0.48648473620414734 0.5435720086097717
vt 0.5421730279922485 0.5760700106620789
vt 0.5473330616950989 0.5479243993759155
vt 0.5427641272544861 0.5758213996887207
vt 0.5479245781898499 0.5476759672164917
vt 0.48694828152656555 0.543377161026001
vt 0.4909955561161041 0.5213012099266052
vt 0.4412919580936432 0.49335408210754395
vt 0.44584769010543823 0.5065653324127197
vt 0.4415310323238373 0.49325352907180786
vt 0.45296505093574524 0.40098321437835693
vt 0.452845960855484 0.40103328227996826
vt 0.44624796509742737 0.5063971281051636
vt 0.4374551475048065 0.47956275939941406
vt 0.43265417218208313 0.49773120880126953
vt 0.4322540760040283 0.49789947271347046
vt 0.4372159540653229 0.47966325283050537
vt 0.44892096519470215 0.3984050750732422
vt 0.48368561267852783 0.32672011852264404
vt 0.4884561598300934 0.329761266708374
vt 0.4488019347190857 0.3984551429748535
vt 0.5064706206321716 0.30300289392471313
vt 0.5082376003265381 0.30412936210632324
vt 0.4883158206939697 0.32982027530670166
vt 0.48354536294937134 0.3267791271209717
vt 0.508185625076294 0.3041512966156006
vt 0.5064184665679932 0.3030248284339905
vt 0.4905320405960083 0.5214961171150208
vt 0.5473330616950989 0.5479243993759155
vt 0.5421730279922485 0.5760700106620789
vt 0.48648473620414734 0.5435720086097717
vt 0.5479245781898499 0.5476759672164917
vt 0.5427641272544861 0.5758213996887207
vt 0.4909955561161041 0.5213012099266052
vt 0.48694828152656555 0.543377161026001
vt 0.44584769010543823 0.5065653324127197
vt 0.4412919580936432 0.49335408210754395
vt 0.452845960855484 0.40103328227996826
vt 0.45296505093574524 0.40098321437835693
vt 0.4415310323238373 0.49325352907180786
vt 0.44624796509742737 0.5063971281051636
vt 0.4374551475048065 0.47956275939941406
vt 0.4372159540653229 0.47966325283050537
vt 0.4322540760040283 0.49789947271347046
vt 0.43265417218208313 0.49773120880126953
vt 0.4884561598300934 0.329761266708374
vt 0.48368561267852783 0.32672011852264404
vt 0.44892096519470215 0.3984050750732422
vt 0.4488019347190857 0.3984551429748535
vt 0.5082376003265381 0.30412936210632324
vt 0.5064706206321716 0.30300289392471313
vt 0.4883158206939697 0.32982027530670166
vt 0.48354536294937134 0.3267791271209717
vt 0.508185625076294 0.3041512966156006
vt 0.5064184665679932 0.3030248284339905
vt 0.4139593541622162 0.5381484627723694
vt 0.4160628020763397 0.5513589978218079
vt 0.481588214635849 0.5957186222076416
vt 0.4851367175579071 0.5691016316413879
vt 0.4780373275279999 0.6029636263847351
vt 0.48158591985702515 0.5763466358184814
vt 0.41327768564224243 0.557041585445404
vt 0.41606101393699646 0.5361645817756653
vt 0.3418238162994385 0.5082705020904541
vt 0.35419073700904846 0.5285391211509705
vt 0.34123125672340393 0.509911835193634
vt 0.3013949990272522 0.4422565698623657
vt 0.3017127811908722 0.4413764476776123
vt 0.3517865240573883 0.5334447026252747
vt 0.3356657028198242 0.5215975642204285
vt 0.33840739727020264 0.5250908732414246
vt 0.34081175923347473 0.5201852917671204
vt 0.336258202791214 0.5199562311172485
vt 0.2984106242656708 0.44852250814437866
vt 0.2806618809700012 0.3770267963409424
vt 0.28305718302726746 0.3719974756240845
vt 0.2987283766269684 0.4476425051689148
vt 0.27902325987815857 0.32075977325439453
vt 0.28033846616744995 0.3179982900619507
vt 0.2833121418952942 0.37129098176956177
vt 0.28091681003570557 0.37632036209106445
vt 0.28047841787338257 0.31761038303375244
vt 0.2791632413864136 0.32037192583084106
vt 0.4139593541622162 0.5381484627723694
vt 0.4851367175579071 0.5691016316413879
vt 0.481588214635849 0.5957186222076416
vt 0.4160628020763397 0.5513589978218079
vt 0.48158591985702515 0.5763466358184814
vt 0.4780373275279999 0.6029636263847351
vt 0.41606101393699646 0.5361645817756653
vt 0.41327768564224243 0.557041585445404
vt 0.35419073700904846 0.5285391211509705
vt 0.3418238162994385 0.5082705020904541
vt 0.3017127811908722 0.4413764476776123
vt 0.3013949990272522 0.4422565698623657
vt 0.34123125672340393 0.509911835193634
vt 0.3517865240573883 0.5334447026252747
vt 0.3356657028198242 0.5215975642204285
vt 0.336258202791214 0.5199562311172485
vt 0.34081175923347473 0.5201852917671204
vt 0.33840739727020264 0.5250908732414246
vt 0.28305718302726746 0.3719974756240845
vt 0.2806618809700012 0.3770267963409424
vt 0.2984106242656708 0.44852250814437866
vt 0.2987283766269684 0.4476425051689148
vt 0.28033846616744995 0.3179982900619507
vt 0.27902325987815857 0.32075977325439453
vt 0.2833121418952942 0.37129098176956177
vt 0.28091681003570557 0.37632036209106445
vt 0.28047841787338257 0.31761038303375244
vt 0.2791632413864136 0.32037192583084106
vt 0.43121036887168884 0.5156446099281311
vt 0.4283878207206726 0.5376729965209961
vt 0.4960055947303772 0.5663354396820068
vt 0.49960410594940186 0.5382505655288696
vt 0.4973312318325043 0.5724275708198547
vt 0.5009296536445618 0.544342577457428
vt 0.4294276237487793 0.5424512624740601
vt 0.4322500228881836 0.5204229354858398
vt 0.35211771726608276 0.5123777985572815
vt 0.3643607795238495 0.5301792621612549
vt 0.3534715175628662 0.5133328437805176
vt 0.31211283802986145 0.45442628860473633
vt 0.3113870620727539 0.45391416549682617
vt 0.3652583062648773 0.534304141998291
vt 0.34852728247642517 0.5263405442237854
vt 0.35134443640708923 0.5292189717292786
vt 0.3504469096660614 0.5250940322875977
vt 0.34717345237731934 0.5253855586051941
vt 0.309461772441864 0.461401104927063
vt 0.286822646856308 0.3954629898071289
vt 0.2889506220817566 0.38986456394195557
vt 0.3087358772754669 0.46088898181915283
vt 0.27692726254463196 0.34788423776626587
vt 0.278095543384552 0.3448103070259094
vt 0.28836795687675476 0.3894535303115845
vt 0.28624001145362854 0.3950519561767578
vt 0.2777756452560425 0.344584584236145
vt 0.2766072452068329 0.34765857458114624
vt 0.43121036887168884 0.5156446099281311
vt 0.49960410594940186 0.5382505655288696
vt 0.4960055947303772 0.5663354396820068
vt 0.4283878207206726 0.5376729965209961
vt 0.5009296536445618 0.544342577457428
vt 0.4973312318325043 0.5724275708198547
vt 0.4322500228881836 0.5204229354858398
vt 0.4294276237487793 0.5424512624740601
vt 0.3643607795238495 0.5301792621612549
vt 0.35211771726608276 0.5123777985572815
vt 0.3113870620727539 0.45391416549682617
vt 0.31211283802986145 0.45442628860473633
vt 0.3534715175628662 0.5133328437805176
vt 0.3652583062648773 0.534304141998291
vt 0.34852728247642517 0.5263405442237854
vt 0.34717345237731934 0.5253855586051941
vt 0.3504469096660614 0.5250940322875977
vt 0.35134443640708923 0.5292189717292786
vt 0.2889506220817566 0.38986456394195557
vt 0.286822646856308 0.3954629898071289
vt 0.309461772441864 0.461401104927063
vt 0.3087358772754669 0.46088898181915283
vt 0.278095543384552 0.3448103070259094
vt 0.27692726254463196 0.34788423776626587
vt 0.28836795687675476 0.3894535303115845
vt 0.28624001145362854 0.3950519561767578
vt 0.2777756452560425 0.344584584236145
vt 0.2766072452068329 0.34765857458114624
vt 0.4491753876209259 0.5283403396606445
vt 0.4370957016944885 0.49416542053222656
vt 0.5205232501029968 0.5728224515914917
vt 0.5113957524299622 0.5972133278846741
vt 0.5200873613357544 0.5722641348838806
vt 0.5109597444534302 0.5966548919677734
vt 0.43675321340560913 0.49372947216033936
vt 0.4488334655761719 0.527902364730835
vt 0.3918602168560028 0.4543795585632324
vt 0.4033121168613434 0.4588785767555237
vt 0.3916238844394684 0.4562893509864807
vt 0.360359251499176 0.4183318614959717
vt 0.36058735847473145 0.4171295166015625
vt 0.40303853154182434 0.4585081934928894
vt 0.39113789796829224 0.4468177556991577
vt 0.3942767381668091 0.44829124212265015
vt 0.3942207098007202 0.4488401412963867
vt 0.3921511471271515 0.4462852478027344
vt 0.3613634705543518 0.4091118574142456
vt 0.331181138753891 0.3646972179412842
vt 0.3288530707359314 0.3683232069015503
vt 0.36158862709999084 0.40791285037994385
vt 0.32526400685310364 0.32443463802337646
vt 0.32397952675819397 0.3272339105606079
vt 0.32929930090904236 0.3669983148574829
vt 0.3316310942173004 0.36336004734039307
vt 0.32413631677627563 0.32682764530181885
vt 0.3254207968711853 0.3240283727645874
vt 0.4491753876209259 0.5283403396606445
vt 0.5113957524299622 0.5972133278846741
vt 0.5205232501029968 0.5728224515914917
vt 0.4370957016944885 0.49416542053222656
vt 0.5109597444534302 0.5966548919677734
vt 0.5200873613357544 0.5722641348838806
vt 0.4488334655761719 0.527902364730835
vt 0.43675321340560913 0.49372947216033936
vt 0.4033121168613434 0.4588785767555237
vt 0.3918602168560028 0.4543795585632324
vt 0.36058735847473145 0.4171295166015625
vt 0.360359251499176 0.4183318614959717
vt 0.3916238844394684 0.4562893509864807
vt 0.40303853154182434 0.4585081934928894
vt 0.39113789796829224 0.4468177556991577
vt 0.3921511471271515 0.4462852478027344
vt 0.3942207098007202 0.4488401412963867
vt 0.3942767381668091 0.44829124212265015
vt 0.3288530707359314 0.3683232069015503
vt 0.331181138753891 0.3646972179412842
vt 0.3613634705543518 0.4091118574142456
vt 0.36158862709999084 0.40791285037994385
vt 0.32397952675819397 0.3272339105606079
vt 0.32526400685310364 0.32443463802337646
vt 0.32929930090904236 0.3669983148574829
vt 0.3316310942173004 0.36336004734039307
vt 0.32413631677627563 0.32682764530181885
vt 0.3254207968711853 0.3240283727645874
vt 0.44066309928894043 0.5098289847373962
vt 0.4291473627090454 0.4844878315925598
vt 0.49221256375312805 0.5530491471290588
vt 0.48481085896492004 0.5718396902084351
vt 0.49188002943992615 0.5526207685470581
vt 0.4844784140586853 0.5714113116264343
vt 0.42888614535331726 0.4841533303260803
vt 0.44040220975875854 0.5094928741455078
vt 0.3925957977771759 0.45567476749420166
vt 0.40245965123176575 0.45878732204437256
vt 0.3923925757408142 0.4571727514266968
vt 0.3694058358669281 0.4268181324005127
vt 0.36959606409072876 0.4258779287338257
vt 0.4022514224052429 0.4585040211677551
vt 0.3912169635295868 0.44475114345550537
vt 0.38845881819725037 0.44456207752227783
vt 0.38863447308540344 0.44483208656311035
vt 0.38689059019088745 0.4464455842971802
vt 0.37028712034225464 0.41963082551956177
vt 0.34298649430274963 0.3870930075645447
vt 0.33959540724754333 0.39211374521255493
vt 0.37047505378723145 0.41869306564331055
vt 0.33030444383621216 0.3493780493736267
vt 0.32718944549560547 0.35583925247192383
vt 0.3402557969093323 0.3902396559715271
vt 0.34365198016166687 0.38520175218582153
vt 0.3275702893733978 0.3548913598060608
vt 0.3306857645511627 0.3484295606613159
vt 0.44066309928894043 0.5098289847373962
vt 0.48481085896492004 0.5718396902084351
vt 0.49221256375312805 0.5530491471290588
vt 0.4291473627090454 0.4844878315925598
vt 0.4844784140586853 0.5714113116264343
vt 0.49188002943992615 0.5526207685470581
vt 0.44040220975875854 0.5094928741455078
vt 0.42888614535331726 0.4841533303260803
vt 0.40245965123176575 0.45878732204437256
vt 0.3925957977771759 0.45567476749420166
vt 0.36959606409072876 0.4258779287338257
vt 0.3694058358669281 0.4268181324005127
vt 0.3923925757408142 0.4571727514266968
vt 0.4022514224052429 0.4585040211677551
vt 0.3912169635295868 0.44475114345550537
vt 0.38689059019088745 0.4464455842971802
vt 0.38863447308540344 0.44483208656311035
vt 0.38845881819725037 0.44456207752227783
vt 0.33959540724754333 0.39211374521255493
vt 0.34298649430274963 0.3870930075645447
vt 0.37028712034225464 0.41963082551956177
vt 0.37047505378723145 0.41869306564331055
vt 0.32718944549560547 0.35583925247192383
vt 0.33030444383621216 0.3493780493736267
vt 0.3402557969093323 0.3902396559715271
vt 0.34365198016166687 0.38520175218582153
vt 0.3275702893733978 0.3548913598060608
vt 0.3306857645511627 0.3484295606613159
vt 0.3120618164539337 0.49227553606033325
vt 0.3158734440803528 0.5176578164100647
vt 0.33065980672836304 0.5104774236679077
vt 0.32684820890426636 0.48509514331817627
vt 0.33153966069221497 0.5211883783340454
vt 0.3277280330657959 0.4958060383796692
vt 0.3167533278465271 0.5283687710762024
vt 0.31294167041778564 0.502986490726471
vt 0.27832213044166565 0.40084803104400635
vt 0.2785947322845459 0.40416640043258667
vt 0.28317582607269287 0.40194177627563477
vt 0.211488276720047 0.20898127555847168
vt 0.2134401947259903 0.20803338289260864
vt 0.28290316462516785 0.39862340688705444
vt 0.21137207746505737 0.2075672745704651
vt 0.1794285774230957 0.14755547046661377
vt 0.17936216294765472 0.1489804983139038
vt 0.21332401037216187 0.20661944150924683
vt 0.1813790500164032 0.14891719818115234
vt 0.12964162230491638 0.10196006298065186
vt 0.12786881625652313 0.10084384679794312
vt 0.18144550919532776 0.1474921703338623
vt 0.12896911799907684 0.10126781463623047
vt 0.09242472052574158 0.10178017616271973
vt 0.09315787255764008 0.10220873355865479
vt 0.12719637155532837 0.10015153884887695
vt 0.09130111336708069 0.10177332162857056
vt 0.06035779044032097 0.1408136487007141
vt 0.05871310830116272 0.13886725902557373
vt 0.09056790918111801 0.10134494304656982
vt 0.06024168059229851 0.13939964771270752
vt 0.05193749815225601 0.18616551160812378
vt 0.05205360800027847 0.1875794529914856
vt 0.05859699845314026 0.13745343685150146
vt 0.05029279366135597 0.18421924114227295
vt 0.0504089817404747 0.18563318252563477
vt 0.051661085337400436 0.2419242262840271
vt 0.05154497176408768 0.24051034450531006
vt 0.05306702479720116 0.2393726110458374
vt 0.06376166641712189 0.2761533856391907
vt 0.06235577538609505 0.27870506048202515
vt 0.05295082926750183 0.23795866966247559
vt 0.06364552676677704 0.27473950386047363
vt 0.07312344759702682 0.2953758239746094
vt 0.07320249080657959 0.2963382601737976
vt 0.06223965808749199 0.27729105949401855
vt 0.07224555313587189 0.2980750799179077
vt 0.08429401367902756 0.3115130662918091
vt 0.08333704620599747 0.3132498264312744
vt 0.07216650247573853 0.2971126437187195
vt 0.09306139498949051 0.3230680227279663
vt 0.09188736975193024 0.3251987099647522
vt 0.08325795084238052 0.3122873902320862
vt 0.08421488851308823 0.3105505704879761
vt 0.09179040789604187 0.3240180015563965
vt 0.09296439588069916 0.3218872547149658
vt 0.3120618164539337 0.49227553606033325
vt 0.32684820890426636 0.48509514331817627
vt 0.33065980672836304 0.5104774236679077
vt 0.3158734440803528 0.5176578164100647
vt 0.3277280330657959 0.4958060383796692
vt 0.33153966069221497 0.5211883783340454
vt 0.31294167041778564 0.502986490726471
vt 0.3167533278465271 0.5283687710762024
vt 0.2785947322845459 0.40416640043258667
vt 0.27832213044166565 0.40084803104400635
vt 0.28317582607269287 0.40194177627563477
vt 0.2134401947259903 0.20803338289260864
vt 0.211488276720047 0.20898127555847168
vt 0.28290316462516785 0.39862340688705444
vt 0.17936216294765472 0.1489804983139038
vt 0.1794285774230957 0.14755547046661377
vt 0.21137207746505737 0.2075672745704651
vt 0.21332401037216187 0.20661944150924683
vt 0.1813790500164032 0.14891719818115234
vt 0.12786881625652313 0.10084384679794312
vt 0.12964162230491638 0.10196006298065186
vt 0.18144550919532776 0.1474921703338623
vt 0.09315787255764008 0.10220873355865479
vt 0.09242472052574158 0.10178017616271973
vt 0.12896911799907684 0.10126781463623047
vt 0.12719637155532837 0.10015153884887695
vt 0.09130111336708069 0.10177332162857056
vt 0.05871310830116272 0.13886725902557373
vt 0.06035779044032097 0.1408136487007141
vt 0.09056790918111801 0.10134494304656982
vt 0.05205360800027847 0.1875794529914856
vt 0.05193749815225601 0.18616551160812378
vt 0.06024168059229851 0.13939964771270752
vt 0.05859699845314026 0.13745343685150146
vt 0.05029279366135597 0.18421924114227295
vt 0.05154497176408768 0.24051034450531006
vt 0.051661085337400436 0.2419242262840271
vt 0.0504089817404747 0.18563318252563477
vt 0.06235577538609505 0.27870506048202515
vt 0.06376166641712189 0.2761533856391907
vt 0.05306702479720116 0.2393726110458374
vt 0.05295082926750183 0.23795866966247559
vt 0.07320249080657959 0.2963382601737976
vt 0.07312344759702682 0.2953758239746094
vt 0.06364552676677704 0.27473950386047363
vt 0.06223965808749199 0.27729105949401855
vt 0.07224555313587189 0.2980750799179077
vt 0.08333704620599747 0.3132498264312744
vt 0.08429401367902756 0.3115130662918091
vt 0.07216650247573853 0.2971126437187195
vt 0.09188736975193024 0.3251987099647522
vt 0.09306139498949051 0.3230680227279663
vt 0.08421488851308823 0.3105505704879761
vt 0.08325795084238052 0.3122873902320862
vt 0.09179040789604187 0.3240180015563965
vt 0.09296439588069916 0.3218872547149658
vt 0.7368420958518982 0.6153846979141235
vt 0.7368420958518982 0.692307710647583
vt 0.6842105388641357 0.692307710647583
vt 0.6842105388641357 0.615384578704834
vt 0.7105262875556946 0
vt 0.7368420958518982 0.07692313194274902
vt 0.6842105388641357 0.07692313194274902
vt 0.7368420958518982 0.5384615659713745
vt 0.6842105388641357 0.5384615659713745
vt 0.7368420958518982 0.4615384340286255
vt 0.6842105388641357 0.46153849363327026
vt 0.7368420958518982 0.38461536169052124
vt 0.6842105388641357 0.38461536169052124
vt 0.7368420958518982 0.9230769872665405
vt 0.7105262875556946 1
vt 0.6842105388641357 0.9230769872665405
vt 0.7368420958518982 0.307692289352417
vt 0.6842105388641357 0.30769234895706177
vt 0.7368420958518982 0.8461538553237915
vt 0.6842105388641357 0.8461538553237915
vt 0.7368420958518982 0.23076921701431274
vt 0.6842105388641357 0.23076921701431274
vt 0.7368420958518982 0.7692307829856873
vt 0.6842105388641357 0.7692307829856873
vt 0.7368420958518982 0.1538461446762085
vt 0.6842105388641357 0.1538461446762085
vt 0.6315789222717285 0.5384615659713745
vt 0.6315789222717285 0.46153849363327026
vt 0.6315789222717285 0.38461536169052124
vt 0.6578947305679321 1
vt 0.6315789222717285 0.9230769872665405
vt 0.6315789222717285 0.307692289352417
vt 0.6315789222717285 0.8461538553237915
vt 0.6315789222717285 0.23076921701431274
vt 0.6315789222717285 0.7692307829856873
vt 0.6315789222717285 0.1538461446762085
vt 0.6315789222717285 0.692307710647583
vt 0.6315789222717285 0.07692313194274902
vt 0.6315789222717285 0.6153846979141235
vt 0.6578947305679321 0
vt 0.5789473652839661 0.9230769872665405
vt 0.5789473652839661 0.8461538553237915
vt 0.5789473652839661 0.307692289352417
vt 0.5789473652839661 0.23076921701431274
vt 0.5789473652839661 0.7692307829856873
vt 0.5789473652839661 0.1538461446762085
vt 0.5789473652839661 0.692307710647583
vt 0.5789473652839661 0.07692313194274902
vt 0.5789473652839661 0.6153846979141235
vt 0.6052631735801697 0
vt 0.5789473652839661 0.5384615659713745
vt 0.5789473652839661 0.46153849363327026
vt 0.5789473652839661 0.38461536169052124
vt 0.6052631735801697 1
vt 0.5263158082962036 0.1538461446762085
vt 0.5263158082962036 0.07692313194274902
vt 0.5263158082962036 0.692307710647583
vt 0.5263157486915588 0.6153846979141235
vt 0.5526315569877625 0
vt 0.5263158082962036 0.5384615659713745
vt 0.5263158082962036 0.46153849363327026
vt 0.5263157486915588 0.38461536169052124
vt 0.5526315569877625 1
vt 0.5263158082962036 0.9230769872665405
vt 0.5263158082962036 0.307692289352417
vt 0.5263158082962036 0.8461538553237915
vt 0.5263157486915588 0.23076921701431274
vt 0.5263157486915588 0.7692307829856873
vt 0.4736842215061188 0.46153849363327026
vt 0.4736841917037964 0.38461536169052124
vt 0.5 1
vt 0.4736841917037964 0.9230769872665405
vt 0.4736842215061188 0.307692289352417
vt 0.4736841917037964 0.8461538553237915
vt 0.4736841917037964 0.23076921701431274
vt 0.4736841917037964 0.7692307829856873
vt 0.4736841917037964 0.1538461446762085
vt 0.4736842215061188 0.692307710647583
vt 0.4736841917037964 0.07692313194274902
vt 0.4736841917037964 0.6153846979141235
vt 0.5 0
vt 0.4736842215061188 0.5384615659713745
vt 0.42105263471603394 0.307692289352417
vt 0.42105263471603394 0.23076921701431274
vt 0.42105263471603394 0.8461538553237915
vt 0.42105263471603394 0.7692307829856873
vt 0.42105263471603394 0.1538461446762085
vt 0.42105263471603394 0.692307710647583
vt 0.42105263471603394 0.07692313194274902
vt 0.42105263471603394 0.6153846979141235
vt 0.44736841320991516 0
vt 0.42105263471603394 0.5384615659713745
vt 0.42105263471603394 0.46153849363327026
vt 0.42105263471603394 0.38461536169052124
vt 0.44736841320991516 1
vt 0.42105263471603394 0.9230769872665405
vt 0.3684210479259491 0.692307710647583
vt 0.3684210479259491 0.6153846979141235
vt 0.3947368562221527 0
vt 0.3684210777282715 0.07692313194274902
vt 0.3684210479259491 0.5384615659713745
vt 0.3684210479259491 0.46153849363327026
vt 0.3684210479259491 0.38461536169052124
vt 0.3947368562221527 1
vt 0.3684210777282715 0.9230769872665405
vt 0.3684210479259491 0.307692289352417
vt 0.3684210479259491 0.8461538553237915
vt 0.3684210479259491 0.23076921701431274
vt 0.3684210479259491 0.7692307829856873
vt 0.3684210479259491 0.1538461446762085
vt 0.31578946113586426 0.46153849363327026
vt 0.31578946113586426 0.38461536169052124
vt 0.34210526943206787 1
vt 0.31578946113586426 0.9230769872665405
vt 0.31578946113586426 0.307692289352417
vt 0.31578946113586426 0.8461538553237915
vt 0.31578946113586426 0.23076921701431274
vt 0.31578946113586426 0.7692307829856873
vt 0.31578946113586426 0.1538461446762085
vt 0.31578946113586426 0.692307710647583
vt 0.31578946113586426 0.07692313194274902
vt 0.31578946113586426 0.6153846979141235
vt 0.34210526943206787 0
vt 0.31578946113586426 0.5384615659713745
vt 0.2631579041481018 0.8461538553237915
vt 0.2631579041481018 0.7692307829856873
vt 0.2631579041481018 0.23076921701431274
vt 0.2631579041481018 0.1538461446762085
vt 0.2631579041481018 0.692307710647583
vt 0.2631579041481018 0.07692313194274902
vt 0.2631579041481018 0.6153846979141235
vt 0.2894737124443054 0
vt 0.2631579041481018 0.5384615659713745
vt 0.2631579041481018 0.46153849363327026
vt 0.2631579041481018 0.38461536169052124
vt 0.2894737124443054 1
vt 0.2631579041481018 0.9230769872665405
vt 0.2631579041481018 0.307692289352417
vt 0.2368420958518982 0
vt 0.21052631735801697 0.07692313194274902
vt 0.21052631735801697 0.6153846979141235
vt 0.21052631735801697 0.5384615659713745
vt 0.21052631735801697 0.46153849363327026
vt 0.21052631735801697 0.38461536169052124
vt 0.2368420958518982 1
vt 0.21052631735801697 0.9230769872665405
vt 0.21052631735801697 0.307692289352417
vt 0.21052631735801697 0.8461538553237915
vt 0.21052631735801697 0.23076921701431274
vt 0.21052631735801697 0.7692307829856873
vt 0.21052631735801697 0.1538461446762085
vt 0.21052631735801697 0.692307710647583
vt 0.15789476037025452 0.46153849363327026
vt 0.15789473056793213 0.38461536169052124
vt 0.18421053886413574 1
vt 0.15789476037025452 0.9230769872665405
vt 0.15789473056793213 0.307692289352417
vt 0.15789473056793213 0.8461538553237915
vt 0.15789473056793213 0.23076921701431274
vt 0.15789473056793213 0.7692307829856873
vt 0.15789473056793213 0.1538461446762085
vt 0.15789473056793213 0.692307710647583
vt 0.15789476037025452 0.07692313194274902
vt 0.15789473056793213 0.6153846979141235
vt 0.18421053886413574 0
vt 0.15789476037025452 0.5384615659713745
vt 0.10526314377784729 0.23076921701431274
vt 0.10526314377784729 0.1538461446762085
vt 0.10526314377784729 0.7692307829856873
vt 0.10526320338249207 0.692307710647583
vt 0.10526314377784729 0.07692313194274902
vt 0.10526314377784729 0.6153846979141235
vt 0.1315789520740509 0
vt 0.10526320338249207 0.5384615659713745
vt 0.10526320338249207 0.46153849363327026
vt 0.10526314377784729 0.38461536169052124
vt 0.1315789520740509 1
vt 0.10526314377784729 0.9230769872665405
vt 0.10526320338249207 0.307692289352417
vt 0.10526314377784729 0.8461538553237915
vt 0.05263158679008484 0.6153846979141235
vt 0.05263161659240723 0.5384615659713745
vt 0.05263161659240723 0.4615384340286255
vt 0.05263158679008484 0.38461536169052124
vt 0.07894739508628845 1
vt 0.05263161659240723 0.9230769872665405
vt 0.05263161659240723 0.307692289352417
vt 0.05263158679008484 0.8461538553237915
vt 0.05263158679008484 0.23076921701431274
vt 0.05263158679008484 0.7692307829856873
vt 0.05263158679008484 0.1538461446762085
vt 0.05263161659240723 0.692307710647583
vt 0.05263161659240723 0.07692313194274902
vt 0.07894739508628845 0
vt 0.026315808296203613 1
vt 2.9802322387695312e-8 0.9230769872665405
vt 0 0.38461536169052124
vt 2.9802322387695312e-8 0.307692289352417
vt 0 0.8461538553237915
vt 0 0.23076921701431274
vt 0 0.7692307829856873
vt 0 0.1538461446762085
vt 2.9802322387695312e-8 0.692307710647583
vt 2.9802322387695312e-8 0.07692313194274902
vt 0 0.6153846979141235
vt 0.026315808296203613 0
vt 2.9802322387695312e-8 0.5384615659713745
vt 2.9802322387695312e-8 0.4615384340286255
vt 0.9999999403953552 0.1538461446762085
vt 0.9999999403953552 0.23076921701431274
vt 0.9473684430122375 0.23076921701431274
vt 0.9473683834075928 0.1538461446762085
vt 1 0.692307710647583
vt 0.9999999403953552 0.7692307829856873
vt 0.9473684430122375 0.7692307829856873
vt 0.9473684430122375 0.692307710647583
vt 1 0.07692313194274902
vt 0.9473684430122375 0.07692313194274902
vt 0.9999999403953552 0.6153846979141235
vt 0.9473684430122375 0.6153846979141235
vt 0.9736841917037964 0
vt 1 0.5384615659713745
vt 0.9473684430122375 0.5384615659713745
vt 1 0.4615384340286255
vt 0.9473684430122375 0.4615384340286255
vt 0.9999999403953552 0.38461536169052124
vt 0.9473684430122375 0.38461536169052124
vt 1 0.9230769872665405
vt 0.9736841917037964 1
vt 0.9473684430122375 0.9230769872665405
vt 1 0.307692289352417
vt 0.9473684430122375 0.307692289352417
vt 0.9999999403953552 0.8461538553237915
vt 0.9473683834075928 0.8461538553237915
vt 0.8947368264198303 0.5384615659713745
vt 0.8947368264198303 0.4615384340286255
vt 0.8947368264198303 0.38461536169052124
vt 0.9210526347160339 1
vt 0.8947368264198303 0.9230769872665405
vt 0.8947368264198303 0.307692289352417
vt 0.8947368264198303 0.8461538553237915
vt 0.8947368264198303 0.23076915740966797
vt 0.8947368264198303 0.769230842590332
vt 0.8947368264198303 0.1538461446762085
vt 0.8947368264198303 0.692307710647583
vt 0.8947368264198303 0.07692313194274902
vt 0.8947368264198303 0.6153846979141235
vt 0.9210526347160339 0
vt 0.8421052694320679 0.38461536169052124
vt 0.8421052694320679 0.307692289352417
vt 0.8421052694320679 0.9230769872665405
vt 0.8421052098274231 0.8461538553237915
vt 0.8421052098274231 0.23076921701431274
vt 0.8421052098274231 0.7692307829856873
vt 0.8421052098274231 0.1538461446762085
vt 0.8421052694320679 0.692307710647583
vt 0.8421052694320679 0.07692313194274902
vt 0.8421052694320679 0.6153846979141235
vt 0.8684210181236267 0
vt 0.8421052694320679 0.5384615659713745
vt 0.8421052694320679 0.4615384340286255
vt 0.8684210181236267 1
vt 0.7894737124443054 0.7692307829856873
vt 0.7894737124443054 0.692307710647583
vt 0.7894737124443054 0.1538461446762085
vt 0.7894737124443054 0.07692313194274902
vt 0.7894737124443054 0.6153846979141235
vt 0.8157894611358643 0
vt 0.7894737124443054 0.5384615659713745
vt 0.7894737124443054 0.4615384340286255
vt 0.7894737124443054 0.38461536169052124
vt 0.8157894611358643 1
vt 0.7894737124443054 0.9230769872665405
vt 0.7894737124443054 0.307692289352417
vt 0.7894737124443054 0.8461538553237915
vt 0.7894737124443054 0.23076921701431274
vt 0.7631579041481018 1
vt 0.7631579041481018 0
vt 0.7368420958518982 0.6153846979141235
vt 0.6842105388641357 0.615384578704834
vt 0.6842105388641357 0.692307710647583
vt 0.7368420958518982 0.692307710647583
vt 0.7105262875556946 0
vt 0.6842105388641357 0.07692313194274902
vt 0.7368420958518982 0.07692313194274902
vt 0.7368420958518982 0.5384615659713745
vt 0.6842105388641357 0.5384615659713745
vt 0.7368420958518982 0.4615384340286255
vt 0.6842105388641357 0.46153849363327026
vt 0.7368420958518982 0.38461536169052124
vt 0.6842105388641357 0.38461536169052124
vt 0.7368420958518982 0.9230769872665405
vt 0.6842105388641357 0.9230769872665405
vt 0.7105262875556946 1
vt 0.7368420958518982 0.307692289352417
vt 0.6842105388641357 0.30769234895706177
vt 0.7368420958518982 0.8461538553237915
vt 0.6842105388641357 0.8461538553237915
vt 0.7368420958518982 0.23076921701431274
vt 0.6842105388641357 0.23076921701431274
vt 0.7368420958518982 0.7692307829856873
vt 0.6842105388641357 0.7692307829856873
vt 0.7368420958518982 0.1538461446762085
vt 0.6842105388641357 0.1538461446762085
vt 0.6315789222717285 0.46153849363327026
vt 0.6315789222717285 0.5384615659713745
vt 0.6315789222717285 0.38461536169052124
vt 0.6315789222717285 0.9230769872665405
vt 0.6578947305679321 1
vt 0.6315789222717285 0.307692289352417
vt 0.6315789222717285 0.8461538553237915
vt 0.6315789222717285 0.23076921701431274
vt 0.6315789222717285 0.7692307829856873
vt 0.6315789222717285 0.1538461446762085
vt 0.6315789222717285 0.692307710647583
vt 0.6315789222717285 0.07692313194274902
vt 0.6315789222717285 0.6153846979141235
vt 0.6578947305679321 0
vt 0.5789473652839661 0.8461538553237915
vt 0.5789473652839661 0.9230769872665405
vt 0.5789473652839661 0.23076921701431274
vt 0.5789473652839661 0.307692289352417
vt 0.5789473652839661 0.7692307829856873
vt 0.5789473652839661 0.1538461446762085
vt 0.5789473652839661 0.692307710647583
vt 0.5789473652839661 0.07692313194274902
vt 0.5789473652839661 0.6153846979141235
vt 0.6052631735801697 0
vt 0.5789473652839661 0.5384615659713745
vt 0.5789473652839661 0.46153849363327026
vt 0.5789473652839661 0.38461536169052124
vt 0.6052631735801697 1
vt 0.5263158082962036 0.07692313194274902
vt 0.5263158082962036 0.1538461446762085
vt 0.5263157486915588 0.6153846979141235
vt 0.5263158082962036 0.692307710647583
vt 0.5526315569877625 0
vt 0.5263158082962036 0.5384615659713745
vt 0.5263158082962036 0.46153849363327026
vt 0.5263157486915588 0.38461536169052124
vt 0.5263158082962036 0.9230769872665405
vt 0.5526315569877625 1
vt 0.5263158082962036 0.307692289352417
vt 0.5263158082962036 0.8461538553237915
vt 0.5263157486915588 0.23076921701431274
vt 0.5263157486915588 0.7692307829856873
vt 0.4736841917037964 0.38461536169052124
vt 0.4736842215061188 0.46153849363327026
vt 0.4736841917037964 0.9230769872665405
vt 0.5 1
vt 0.4736842215061188 0.307692289352417
vt 0.4736841917037964 0.8461538553237915
vt 0.4736841917037964 0.23076921701431274
vt 0.4736841917037964 0.7692307829856873
vt 0.4736841917037964 0.1538461446762085
vt 0.4736842215061188 0.692307710647583
vt 0.4736841917037964 0.07692313194274902
vt 0.4736841917037964 0.6153846979141235
vt 0.5 0
vt 0.4736842215061188 0.5384615659713745
vt 0.42105263471603394 0.23076921701431274
vt 0.42105263471603394 0.307692289352417
vt 0.42105263471603394 0.7692307829856873
vt 0.42105263471603394 0.8461538553237915
vt 0.42105263471603394 0.1538461446762085
vt 0.42105263471603394 0.692307710647583
vt 0.42105263471603394 0.07692313194274902
vt 0.42105263471603394 0.6153846979141235
vt 0.44736841320991516 0
vt 0.42105263471603394 0.5384615659713745
vt 0.42105263471603394 0.46153849363327026
vt 0.42105263471603394 0.38461536169052124
vt 0.42105263471603394 0.9230769872665405
vt 0.44736841320991516 1
vt 0.3684210479259491 0.6153846979141235
vt 0.3684210479259491 0.692307710647583
vt 0.3947368562221527 0
vt 0.3684210777282715 0.07692313194274902
vt 0.3684210479259491 0.5384615659713745
vt 0.3684210479259491 0.46153849363327026
vt 0.3684210479259491 0.38461536169052124
vt 0.3684210777282715 0.9230769872665405
vt 0.3947368562221527 1
vt 0.3684210479259491 0.307692289352417
vt 0.3684210479259491 0.8461538553237915
vt 0.3684210479259491 0.23076921701431274
vt 0.3684210479259491 0.7692307829856873
vt 0.3684210479259491 0.1538461446762085
vt 0.31578946113586426 0.38461536169052124
vt 0.31578946113586426 0.46153849363327026
vt 0.31578946113586426 0.9230769872665405
vt 0.34210526943206787 1
vt 0.31578946113586426 0.307692289352417
vt 0.31578946113586426 0.8461538553237915
vt 0.31578946113586426 0.23076921701431274
vt 0.31578946113586426 0.7692307829856873
vt 0.31578946113586426 0.1538461446762085
vt 0.31578946113586426 0.692307710647583
vt 0.31578946113586426 0.07692313194274902
vt 0.31578946113586426 0.6153846979141235
vt 0.34210526943206787 0
vt 0.31578946113586426 0.5384615659713745
vt 0.2631579041481018 0.7692307829856873
vt 0.2631579041481018 0.8461538553237915
vt 0.2631579041481018 0.1538461446762085
vt 0.2631579041481018 0.23076921701431274
vt 0.2631579041481018 0.692307710647583
vt 0.2631579041481018 0.07692313194274902
vt 0.2631579041481018 0.6153846979141235
vt 0.2894737124443054 0
vt 0.2631579041481018 0.5384615659713745
vt 0.2631579041481018 0.46153849363327026
vt 0.2631579041481018 0.38461536169052124
vt 0.2631579041481018 0.9230769872665405
vt 0.2894737124443054 1
vt 0.2631579041481018 0.307692289352417
vt 0.2368420958518982 0
vt 0.21052631735801697 0.07692313194274902
vt 0.21052631735801697 0.5384615659713745
vt 0.21052631735801697 0.6153846979141235
vt 0.21052631735801697 0.46153849363327026
vt 0.21052631735801697 0.38461536169052124
vt 0.21052631735801697 0.9230769872665405
vt 0.2368420958518982 1
vt 0.21052631735801697 0.307692289352417
vt 0.21052631735801697 0.8461538553237915
vt 0.21052631735801697 0.23076921701431274
vt 0.21052631735801697 0.7692307829856873
vt 0.21052631735801697 0.1538461446762085
vt 0.21052631735801697 0.692307710647583
vt 0.15789473056793213 0.38461536169052124
vt 0.15789476037025452 0.46153849363327026
vt 0.15789476037025452 0.9230769872665405
vt 0.18421053886413574 1
vt 0.15789473056793213 0.307692289352417
vt 0.15789473056793213 0.8461538553237915
vt 0.15789473056793213 0.23076921701431274
vt 0.15789473056793213 0.7692307829856873
vt 0.15789473056793213 0.1538461446762085
vt 0.15789473056793213 0.692307710647583
vt 0.15789476037025452 0.07692313194274902
vt 0.15789473056793213 0.6153846979141235
vt 0.18421053886413574 0
vt 0.15789476037025452 0.5384615659713745
vt 0.10526314377784729 0.1538461446762085
vt 0.10526314377784729 0.23076921701431274
vt 0.10526320338249207 0.692307710647583
vt 0.10526314377784729 0.7692307829856873
vt 0.10526314377784729 0.07692313194274902
vt 0.10526314377784729 0.6153846979141235
vt 0.1315789520740509 0
vt 0.10526320338249207 0.5384615659713745
vt 0.10526320338249207 0.46153849363327026
vt 0.10526314377784729 0.38461536169052124
vt 0.10526314377784729 0.9230769872665405
vt 0.1315789520740509 1
vt 0.10526320338249207 0.307692289352417
vt 0.10526314377784729 0.8461538553237915
vt 0.05263161659240723 0.5384615659713745
vt 0.05263158679008484 0.6153846979141235
vt 0.05263161659240723 0.4615384340286255
vt 0.05263158679008484 0.38461536169052124
vt 0.05263161659240723 0.9230769872665405
vt 0.07894739508628845 1
vt 0.05263161659240723 0.307692289352417
vt 0.05263158679008484 0.8461538553237915
vt 0.05263158679008484 0.23076921701431274
vt 0.05263158679008484 0.7692307829856873
vt 0.05263158679008484 0.1538461446762085
vt 0.05263161659240723 0.692307710647583
vt 0.05263161659240723 0.07692313194274902
vt 0.07894739508628845 0
vt 2.9802322387695312e-8 0.9230769872665405
vt 0.026315808296203613 1
vt 2.9802322387695312e-8 0.307692289352417
vt 0 0.38461536169052124
vt 0 0.8461538553237915
vt 0 0.23076921701431274
vt 0 0.7692307829856873
vt 0 0.1538461446762085
vt 2.9802322387695312e-8 0.692307710647583
vt 2.9802322387695312e-8 0.07692313194274902
vt 0 0.6153846979141235
vt 0.026315808296203613 0
vt 2.9802322387695312e-8 0.5384615659713745
vt 2.9802322387695312e-8 0.4615384340286255
vt 0.9999999403953552 0.1538461446762085
vt 0.9473683834075928 0.1538461446762085
vt 0.9473684430122375 0.23076921701431274
vt 0.9999999403953552 0.23076921701431274
vt 1 0.692307710647583
vt 0.9473684430122375 0.692307710647583
vt 0.9473684430122375 0.7692307829856873
vt 0.9999999403953552 0.7692307829856873
vt 1 0.07692313194274902
vt 0.9473684430122375 0.07692313194274902
vt 0.9999999403953552 0.6153846979141235
vt 0.9473684430122375 0.6153846979141235
vt 0.9736841917037964 0
vt 1 0.5384615659713745
vt 0.9473684430122375 0.5384615659713745
vt 1 0.4615384340286255
vt 0.9473684430122375 0.4615384340286255
vt 0.9999999403953552 0.38461536169052124
vt 0.9473684430122375 0.38461536169052124
vt 1 0.9230769872665405
vt 0.9473684430122375 0.9230769872665405
vt 0.9736841917037964 1
vt 1 0.307692289352417
vt 0.9473684430122375 0.307692289352417
vt 0.9999999403953552 0.8461538553237915
vt 0.9473683834075928 0.8461538553237915
vt 0.8947368264198303 0.4615384340286255
vt 0.8947368264198303 0.5384615659713745
vt 0.8947368264198303 0.38461536169052124
vt 0.8947368264198303 0.9230769872665405
vt 0.9210526347160339 1
vt 0.8947368264198303 0.307692289352417
vt 0.8947368264198303 0.8461538553237915
vt 0.8947368264198303 0.23076915740966797
vt 0.8947368264198303 0.769230842590332
vt 0.8947368264198303 0.1538461446762085
vt 0.8947368264198303 0.692307710647583
vt 0.8947368264198303 0.07692313194274902
vt 0.8947368264198303 0.6153846979141235
vt 0.9210526347160339 0
vt 0.8421052694320679 0.307692289352417
vt 0.8421052694320679 0.38461536169052124
vt 0.8421052098274231 0.8461538553237915
vt 0.8421052694320679 0.9230769872665405
vt 0.8421052098274231 0.23076921701431274
vt 0.8421052098274231 0.7692307829856873
vt 0.8421052098274231 0.1538461446762085
vt 0.8421052694320679 0.692307710647583
vt 0.8421052694320679 0.07692313194274902
vt 0.8421052694320679 0.6153846979141235
vt 0.8684210181236267 0
vt 0.8421052694320679 0.5384615659713745
vt 0.8421052694320679 0.4615384340286255
vt 0.8684210181236267 1
vt 0.7894737124443054 0.692307710647583
vt 0.7894737124443054 0.7692307829856873
vt 0.7894737124443054 0.07692313194274902
vt 0.7894737124443054 0.1538461446762085
vt 0.7894737124443054 0.6153846979141235
vt 0.8157894611358643 0
vt 0.7894737124443054 0.5384615659713745
vt 0.7894737124443054 0.4615384340286255
vt 0.7894737124443054 0.38461536169052124
vt 0.7894737124443054 0.9230769872665405
vt 0.8157894611358643 1
vt 0.7894737124443054 0.307692289352417
vt 0.7894737124443054 0.8461538553237915
vt 0.7894737124443054 0.23076921701431274
vt 0.7631579041481018 1
vt 0.7631579041481018 0
vn -0.9362356217726076 -0.34307900624557924 0.07589239749543374
vn -0.7757545134650485 0.526456357479624 0.3479204485337017
vn -0.9537941119657128 0.261203375761575 0.1484910383501136
vn -0.7373843597623783 -0.6686203306145961 -0.0959747855775443
vn -0.0016141760072287982 -0.9903249374586385 -0.13875846887077314
vn -0.9748603631903254 -0.20326919708379582 0.09126283908215865
vn 0.0027240402605989487 -0.9974624371571779 -0.0711425756148999
vn 0.9508937433540976 -0.307266081049155 0.03726451779811432
vn 0.747762308546411 0.6343154193443006 0.1962026470244631
vn 0.9567063401283686 0.1776147028549238 0.23057752728299308
vn 0.7611253126311952 -0.6478783969190169 0.030689432671688388
vn -0.9223885782309094 -0.3855525954124312 0.02342022459114827
vn -0.8582347573733838 0.33017840759421774 0.39295714829329104
vn 0.00042730651971783086 -0.9880378990702978 -0.15421065919673158
vn -0.007992646612269755 0.959582204225218 0.2813149674908952
vn 0.008183953409295796 0.9252761070825697 0.3792059447961218
vn 0.960166243160405 0.247746385218092 0.1292382068376178
vn 0.6714352331367828 -0.720343168479774 -0.17401277920622393
vn 0.9710261232986376 -0.23896576482106735 -0.0019055485041208993
vn 0.7449761614538296 0.6668254720047374 0.0188230909039096
vn 0.006945726140456983 0.9742993914993406 0.22514984479762798
vn -0.6872798901527214 0.7156379924144912 0.12453359548579511
vn -0.00606030124783158 0.9755458705610407 0.21971237375279262
vn 0.9384612423739814 0.3425282531614414 0.04432710624499479
vn 0.009430521895251835 0.9885074878602883 -0.15087747247659303
vn -0.7148629448671844 -0.6373478789617004 -0.28767803398737024
vn -0.003597137823897124 -0.9888059101059012 -0.14916411344259736
vn -0.956470858548244 0.27915665840575943 0.08505913716770994
vn -0.9897129510510956 -0.04759983706292666 0.1349167522337934
vn -0.6791630313451223 0.7069116157906873 -0.19751846575523993
vn -0.9298389238723298 0.35732356792710335 0.08786036339438076
vn -0.7523609532513887 -0.625621508667193 0.20627826816135278
vn 0.6788847459840228 -0.714671613196376 -0.16840423676825547
vn 0.009751978281308303 -0.9768491338278411 0.21370696914091877
vn -0.007127705352453559 -0.9579440758687549 0.2868664206984953
vn -0.9968933430698023 -0.05833600069995028 -0.05292044562783845
vn 0.016367275319222212 -0.8129024531135173 0.5821698326267438
vn 0.9658609131398798 -0.14518559127499617 0.21455498259124012
vn 0.7528989705590714 0.6536211193029022 -0.07695825187926159
vn -0.008914505874310462 0.9883686691084472 -0.151815366514111
vn 0.014000721182114715 0.6657262995992729 -0.7460646579407443
vn 0.8726191606256937 0.2607708598911659 -0.41295805978395844
vn 0.729294375104963 0.35513756430071025 -0.5848136667886794
vn -0.01592369509544235 0.649999894374807 -0.7597674468199116
vn -0.6618671403391444 0.44664207007439993 -0.6020321833415039
vn 0.5628953635786592 -0.6955671384194133 -0.44646966930876486
vn 0.9869163116237722 -0.16122146081303665 -0.0019581685932542866
vn 0.6744992102260619 -0.17619559078184774 0.7169420682268927
vn 0.9109477308272319 -0.0898793181590387 -0.40261140056881584
vn -0.9214383514831157 0.14768277350855427 -0.3593621610922593
vn -0.3974139623012867 -0.9172869169147148 0.02543333688466429
vn -0.010017963849481002 -0.8157625624919633 0.5783001660356464
vn 0.013647007963659504 0.2595267633363804 0.9656394867059768
vn -0.9952716365080834 0.05192940751950348 0.08208353182700547
vn -0.6608472980303141 -0.021056832483715628 0.7502249385962759
vn -0.010474046941947767 0.13615916993964833 0.9906316039689043
vn 0.01703752586413996 -0.25844711203471754 -0.965875153937269
vn -0.5973203601666451 -0.2774706102828608 -0.7524748818131048
vn 0.6938134518560499 -0.21021387243762107 -0.6887909856105641
vn 0.972924803974151 0.06946287873906837 0.2204364631569404
vn 0.5958787005954905 0.21115670400563943 0.7748170239031307
vn 0.9366956434563477 -0.21616842040462375 -0.2754496061889879
vn -0.017920447795656682 -0.24596017986422458 -0.9691142592449878
vn -0.9246567735429249 -0.08293067141018545 -0.37166161340747017
vn 0.017831479933466413 -0.5028090421415536 -0.8642135763016429
vn 0.6710107922430848 -0.4825601279646989 -0.5629211664096502
vn -0.017663286798257436 -0.5256376206780267 -0.8505251907071449
vn -0.980428530296849 0.039721731640702 0.19282655682095504
vn 0.011722282774971471 0.4535299047380138 0.8911639656061457
vn -0.588710493291741 -0.4861768536992527 -0.6457956503533379
vn 0.9007906766348331 -0.3846161600592129 -0.20160993603755104
vn 0.016824011078550277 -0.8552791042351442 -0.5178943970636856
vn -0.9304577250612143 -0.2576524057569532 -0.26050654441215837
vn -0.649062950266492 0.16073808537811016 0.7435593819597309
vn 0.9582424976408824 0.03899016691937609 0.28328622027653005
vn -0.011011051699434858 0.42353673823349086 0.9058120048371008
vn 0.5437735822295471 -0.7333751791608681 -0.40800874728369596
vn 0.0003119084333573207 -0.9147622130027184 -0.4039925697033283
vn -0.5212239540574933 -0.7616185425378914 -0.3850490687940049
vn -0.9776792932166692 0.09537777119172512 0.18720651798976665
vn 0.5741677938000406 0.4136241119952745 0.7065737318489235
vn 0.014070820207974661 0.6437193817497622 0.7651322562657901
vn 0.9207956672658008 0.2833962702114816 0.2679960693270506
vn 0.22482678798517797 0.9668266394057926 0.12124011192492855
vn 0.8725392179908352 0.485783455390084 0.051862776026857134
vn -0.6000448431862277 -0.7369043785934537 -0.31131675665696357
vn -0.48784294179277266 0.6082258156515244 0.6261554290413931
vn -0.011069892693367592 0.669450508631209 0.742774174274505
vn -0.00769748354794784 0.8286253238929863 0.5597506778470864
vn -0.8193147615222048 0.34258287462299447 0.45973937787278835
vn -0.010121345543783867 0.7722534555447435 0.6352339401854928
vn 0.6766931033763357 -0.7278200619420002 -0.11119532938773471
vn 0.0005187693165676585 -0.9463816876194805 -0.32305020076901386
vn -0.2704021064763257 0.8201680268758255 0.5041895561232708
vn -0.013365548740906678 0.8958344262167538 0.4441869459042598
vn 0.9018329247034654 0.2642351945449927 0.34187298501718993
vn 0.8983613716890704 -0.43889691781837237 0.017785988487141444
vn 0.7260969426211108 0.4410748867864236 0.527480970427009
vn 0.9340897264521578 0.07858992420171841 0.34828150503651645
vn 0.5044033394791605 -0.8631546270464358 -0.023267164214814586
vn -0.023968915098357538 0.0517704983546252 0.9983713270167176
vn 0.8493514426763241 0.493295596577883 -0.18778067318155414
vn -0.0018261016741757553 -0.9311695659015728 -0.36458182194310207
vn -0.8222930928196518 -0.5676986506629501 -0.03939938497688705
vn -0.6691142320560226 -0.28019949793511134 0.688312709324033
vn -0.9179176017748651 -0.24016240044486634 -0.3158311222226838
vn 0.025152468037138484 0.7430500638045489 0.6687630043832394
vn -0.525974161808009 0.5180152726894396 0.6745452974936877
vn -0.8662597925447052 0.03980088511075149 0.49800588486965186
vn -0.04988956115846311 0.9444911549920011 0.3247267925953932
vn 0.01631921856674713 -0.979151221557409 -0.20247609347279602
vn -0.9490339398678437 -0.22401854959345952 0.22169860264999636
vn 0.06315188222742686 -0.9976532041517774 0.02645607712464683
vn 0.31955143789151264 -0.9461991184938763 0.05093237381939367
vn -0.015964988256447432 -0.9968935024793484 0.07712628517197632
vn -0.8189604812798335 0.5730861379475617 0.029597442359972182
vn 0.014244475111732675 0.9873783387249035 0.15773747540023914
vn 0.13040888059293418 -0.9726697615940002 -0.19211209941898108
vn -0.01334201471023249 -0.9852101351749405 -0.17083026720124056
vn -0.6029736488590881 -0.7935364363417262 -0.08199209095778895
vn 0.0030469806375714786 0.9175036086670411 0.3977157829304128
vn 0.7142159103384 0.6857434877392357 0.14018381662203083
vn -0.7034546143858782 -0.7088080055617091 -0.052371908031384785
vn -0.3337652725205129 0.8800862542133983 0.33771130867049365
vn 0.2682398250485838 0.9045968024854996 0.331288425983938
vn -0.01690709620580642 0.951087253094213 0.3084593767412363
vn -0.043211358500520554 0.9617305168709032 0.2705682749617269
vn -0.475809754023269 -0.8774576207089869 -0.060606945443901494
vn -0.40596599010824275 -0.8680912985732175 0.28567308626627624
vn -0.6226076389067359 -0.7386691457977245 -0.2583169003790497
vn -0.3479184762241157 0.8129813568050155 0.46691974405604797
vn 0.1421755710088582 0.8645283037199545 0.48205489218075925
vn 0.9453894094188119 -0.11099665095014176 0.306461429933038
vn -0.03354829948515185 -0.8938611815632932 -0.44708690396379064
vn 0.32524722553775587 -0.8614347508024895 -0.39005693480547815
vn 0.49583914564676496 0.7137100055707697 0.4947338371209897
vn 0.7545661979068005 0.46311372842589166 0.46492529240722597
vn 0.3612469341339935 -0.8239620114919097 -0.43656300369705675
vn 0.005169584311796043 0.8891398131689083 0.45760645541338457
vn 0.0025523405125180082 -0.8720595860123546 -0.4893930567569071
vn -0.0030492858652094 -0.8493547483175607 -0.5278136161242202
vn 0.057135637284975206 -0.8439921653316911 -0.533303613161174
vn 0.07151584295814736 -0.8133875095887146 -0.5773094867149287
vn -0.6131110302028228 -0.7166957984607456 -0.3323281467350421
vn -0.5153939798458501 0.6800292232569733 0.5214684084919936
vn -0.00006976464727173807 0.8233756517774482 0.5674967235085647
vn 0.05286623468452803 0.7488658926373906 0.6606095942950608
vn -0.44732625369024204 0.6451609289955115 0.6194082647633158
vn -0.6553220180995749 0.2199985990434726 0.722602012876251
vn 0.32540669437642716 0.3067299071057619 0.8944424225973951
vn -0.7893916079338085 -0.5531968689460258 -0.266146789407631
vn 0.9261011843220763 0.16496699631423625 0.3392970476209692
vn -0.8126622335295599 0.5094442898946444 0.28292509554383505
vn -0.06675904317494177 0.908225665529166 0.41312149620719335
vn 0.4889205660978583 -0.09028674600767274 0.8676433504279831
vn 0.548082826167036 -0.44233485866290373 0.7098908989925309
vn -0.053671074673249004 -0.7190312944775984 0.69290216719627
vn -0.40697874659511085 -0.5397382847385159 0.7369198625409666
vn 0.689402533165249 -0.7243510020076742 -0.006306596214758549
vn 0.9643303642501156 0.14637566936783566 0.22054730105434778
vn 0.9928054848576676 0.05320093056600066 0.1072703604144358
vn -0.09394980089423466 -0.9008707277023668 -0.42379873393031947
vn -0.09335124679342317 -0.9802277284205116 -0.17446817806602125
vn -0.9376576545920383 -0.3436856867006701 0.05175201969050843
vn 0.22744595936806725 -0.8733277890921315 -0.43077477684584664
vn 0.36771100082951186 0.7466258269266688 0.5543811815303861
vn -0.8327462076740355 0.4350291788368836 0.3424665927722277
vn -0.9891237777788281 -0.1469979608181024 -0.0050746180013083834
vn -0.6203545893594348 0.2763827725816923 0.7340114075957836
vn 0.43754431760318724 -0.49676668819907854 -0.7495183971250343
vn 0.8604589609633162 -0.24862023924917298 0.4447452676910843
vn -0.6408379751056315 -0.42808700122875737 -0.6372348146809651
vn -0.5219336030891879 0.2466862293425591 0.8165361095622707
vn 0.32543195193508756 0.01272492332166946 0.9454798363720807
vn -0.4401347148965308 -0.7882394387725634 0.43006978492619524
vn -0.8089981667069521 0.2762573060614917 -0.5188485974852759
vn -0.8066439840040921 0.5846806321814386 -0.08645253855104242
vn 0.7581625099004251 -0.4609461496204343 0.4612138936888005
vn 0.9149051791417298 -0.04537492561792676 -0.4011104951317116
vn 0.7422156359070207 -0.4034391655285667 -0.5351194161425566
vn 0.651644399742009 0.29769113250500007 -0.6976672315027896
vn 0.12173903418826186 0.4185451160966076 0.8999997740814087
vn -0.2395203674724703 -0.34652536602876266 0.9069455133934368
vn -0.7126560122412834 -0.0064937797497477325 -0.7014835985544587
vn -0.920847480776349 -0.04227591702591946 0.38762438518167175
vn -0.5314483058615385 0.7394146340016343 0.4133142838339002
vn -0.7299853043260286 -0.5090326719826836 -0.4560780572689336
vn -0.18838149575038943 -0.7238633138779139 -0.6637275908688222
vn 0.576480206264643 -0.19837294396348565 -0.7926655958778169
vn 0.9294044155050071 -0.16034200407359972 -0.332412205205311
vn 0.5862948815375618 0.7280827066389465 0.35518148062105104
vn 0.2531020426270739 0.5950795011084703 0.7627710950072091
vn 0.753235308170744 -0.09173086622404703 -0.6513232827918178
vn -0.6018219507675227 -0.43676843640410473 -0.6686132458570402
vn 0.5875471334583777 0.47396729205218824 0.6558531634669144
vn -0.7578111299503059 0.13168160632245612 0.6390479214266944
vn -0.6509354158713564 0.15104718608856824 0.7439541867206003
vn 0.7200472518700438 0.3920724779157389 0.572547925623183
vn 0.6582241034596162 -0.21506819051378143 -0.7214476440143888
vn 0.8591137010740074 -0.36051661104996 0.3632511827702321
vn 0.42132201035445466 -0.6613173962284876 -0.6206021793681155
vn -0.6969788167611343 -0.4550253511662922 -0.5542314126628348
vn -0.5260349508856985 -0.8424240345529356 -0.11665751777847458
vn -0.2318591966160732 -0.29979101387650986 0.9254008109697351
vn 0.9208474322086488 -0.04227583930152569 0.3876245090368894
vn 0.18838152517032758 -0.7238632528039405 -0.6637276491262059
vn 0.7299853520128253 -0.5090326636721413 -0.4560779902182916
vn 0.5314482499989975 0.7394146392080989 0.41331434634882896
vn -0.9294043572335868 -0.16034209371057423 -0.33241232489144057
vn -0.5764802028565066 -0.19837297259303183 -0.7926655911915979
vn -0.25310205901303134 0.5950794695646577 0.7627711141790896
vn -0.5862949523031755 0.7280826608944058 0.3551814575801202
vn 0.6018219507675227 -0.43676843640410473 -0.6686132458570402
vn -0.753235167325974 -0.09173088594096658 -0.651323442897534
vn -0.5875471168597873 0.47396733826694676 0.655853144938634
vn -0.7200472889850983 0.3920724358676243 0.5725479077405121
vn 0.6509352894440296 0.15104718441364895 0.743954297680393
vn 0.7578110453579004 0.1316816168816 0.6390480195642684
vn -0.658223986499557 -0.21506834026030705 -0.7214477060843063
vn -0.4213221250101272 -0.6613173294763806 -0.6206021726606982
vn -0.8591137012840451 -0.36051670054506774 0.3632510934520724
vn 0.6969788208824668 -0.4550254134615662 -0.5542313563354362
vn 0.5260349508856985 -0.8424240345529356 -0.11665751777847458
vn 0.23185924098789532 -0.29979098364535184 0.9254008096459985
vn -0.9050900447884124 0.11947650604695594 0.4080899108379444
vn -0.3432643645624124 0.7780831306710726 0.5260762471226635
vn -0.8289879558947372 -0.2574411332134239 -0.4964907168429773
vn -0.3528526828242592 -0.5612974929718141 -0.7486254795338448
vn 0.5138980145275965 -0.2151357976511472 -0.8304368845575195
vn 0.8659010052174797 -0.3241794451808249 -0.38095030710790956
vn 0.7406635284763459 0.5156670212982125 0.43070298435278814
vn 0.38557333116517106 0.40857088949822695 0.827286549237216
vn 0.7107302402691239 -0.1730722153929967 -0.6818420152982314
vn -0.6874533368376178 -0.18821035524687166 -0.7014162614658086
vn 0.6822984736994226 0.22910529114340816 0.6942474763062032
vn -0.7058113740558373 0.21429741161437382 0.6752088000232155
vn -0.5973741981777357 0.19360361907649512 0.7782427038090308
vn 0.7919035533970373 0.13102228906505944 0.596424280093708
vn 0.5894488164984718 -0.2600487798979597 -0.7648037165195612
vn 0.7506353257928164 -0.5968682765039556 0.2833634912530371
vn 0.2545193092804101 -0.6486298332471041 -0.71728603821994
vn -0.784238604141249 -0.19952336647054114 -0.5875033940385769
vn -0.7088926193485446 -0.6727594504492445 -0.21181590134923736
vn -0.2956870569233164 -0.3628771990669818 0.8836794117582063
vn 0.9050899615193154 0.11947656252777127 0.4080900789819714
vn 0.35285264098763935 -0.5612974738283545 -0.7486255136060724
vn 0.8289879627093913 -0.257441045922738 -0.4964907507266771
vn 0.3432643119810076 0.7780831465907694 0.5260762578862619
vn -0.8659008534497601 -0.32417955220075667 -0.3809505610048289
vn -0.5138978542050774 -0.21513583519463053 -0.8304369740435007
vn -0.38557324566028683 0.40857095323769776 0.8272865576095331
vn -0.7406634920626419 0.5156670374442814 0.4307030276408683
vn 0.6874534436951717 -0.18821045617335241 -0.701416129653908
vn -0.710730031964495 -0.17307225252846628 -0.6818422230021184
vn -0.6822985550358052 0.22910534314407419 0.6942473792092327
vn -0.7919035014731318 0.13102230523701702 0.5964243454831227
vn 0.5973741338564114 0.19360360264670032 0.7782427572689132
vn 0.7058112036119044 0.21429738435333903 0.6752089868442452
vn -0.5894487370281386 -0.26004886054072307 -0.7648037503486785
vn -0.25451937590547274 -0.648629851138289 -0.7172859984002266
vn -0.7506353230956653 -0.5968683935686028 0.2833632518162892
vn 0.7842386247555939 -0.19952337145192045 -0.5875033648294397
vn 0.7088926634372031 -0.6727594326860007 -0.21181581021472173
vn 0.2956870569233164 -0.3628771990669818 0.8836794117582063
vn -0.9208474855078593 -0.0908228690333841 0.379197989043188
vn -0.5314482425028757 0.681386765554046 0.5032641863558345
vn -0.7299849978576155 -0.44745141215957646 -0.5166324967123321
vn -0.18838137311771624 -0.6343792055131865 -0.7497169344991095
vn 0.5764802665055673 -0.09682375143489659 -0.8113542157946451
vn 0.9294044467674689 -0.11714013782190845 -0.3499793743064284
vn 0.5862948176203251 0.6774766303896138 0.44416641262874024
vn 0.25310188281464774 0.494133199332931 0.8317282117571113
vn 0.7532356372889992 -0.008858042759107091 -0.6576911203568991
vn -0.6018223309871389 -0.3489606761638194 -0.7183566860665367
vn 0.5875474968938997 0.3874715075008738 0.7103898716681659
vn -0.7578113236543969 0.050037966218276844 0.6505522267104382
vn -0.6509355421306398 0.05601879680502277 0.757063282953022
vn 0.7200474813538593 0.31673637360062545 0.6174218122436949
vn 0.658224143620958 -0.12236735564161656 -0.7428103439154131
vn 0.8591137759410107 -0.40344850313614183 0.31488541615258303
vn 0.4213218403504135 -0.5777714269699282 -0.6990479847770635
vn -0.6969789399581299 -0.38149664533919675 -0.6071907993784005
vn -0.5260351124216965 -0.8209860050140146 -0.2219663039080965
vn -0.23185896617809412 -0.4141024603481243 0.8802048466899369
vn 0.9208474555346614 -0.09082285117597709 0.37919806610741835
vn 0.18838137311771624 -0.6343792055131865 -0.7497169344991095
vn 0.7299849602805616 -0.447451455463927 -0.5166325123019266
vn 0.5314483068570891 0.6813867120389743 0.503264190853521
vn -0.929404414441253 -0.11714016354990335 -0.34997945154053484
vn -0.576480273159466 -0.09682363334317347 -0.8113542251595255
vn -0.25310188281464774 0.494133199332931 0.8317282117571113
vn -0.5862947079523011 0.6774767010194012 0.44416644965935337
vn 0.601822419537705 -0.3489605987820232 -0.7183566494711904
vn -0.7532354149537448 -0.008858204067055534 -0.6576913728187154
vn -0.5875476201831561 0.38747142078452745 0.7103898169965062
vn -0.7200476892495037 0.3167363005694774 0.6174216072571576
vn 0.6509354786800475 0.05601878902346415 0.7570633380846823
vn 0.7578111571146449 0.05003802663338341 0.650552416061304
vn -0.6582241116408868 -0.12236733842542924 -0.7428103750899295
vn -0.42132190692952226 -0.5777714365342207 -0.6990479367442938
vn -0.8591138180069858 -0.4034484650974828 0.3148853501196026
vn 0.6969790437829465 -0.38149666672071275 -0.6071906667665397
vn 0.5260351986731704 -0.8209859869972255 -0.22196616614040426
vn 0.2318590395399932 -0.41410242850277523 0.8802048423473343
vn -0.8092643143360251 0.43985981405840174 0.3893772123773445
vn -0.1080040880755633 0.9512194006515808 0.2889926794626696
vn -0.9125740732002953 -0.1777490715163815 -0.3682578288342098
vn -0.5433941990425974 -0.6438809527656817 -0.5386465103501665
vn 0.36454710113675887 -0.5513205490349983 -0.750433916653914
vn 0.7293963331271079 -0.6136780892238289 -0.3022915679064156
vn 0.8763579792546016 0.4213106962142638 0.23343947706470614
vn 0.5500450755061624 0.5154116176897262 0.6571158796299778
vn 0.5802839332844762 -0.5184384525872597 -0.628086082994063
vn -0.7816279372069947 -0.2033997583878386 -0.5896493076950969
vn 0.7848031465273705 0.24075123497247503 0.5710716803168991
vn -0.5672066774691275 0.5538344350963439 0.6095440948249329
vn -0.45571188350551844 0.5369078904677409 0.7099694334162092
vn 0.8594726261744299 0.09632205893272855 0.5020247661418593
vn 0.43492486841381006 -0.59320431631873 -0.6774577462366623
vn 0.6276886421326247 -0.6576659039529201 0.41651233753094286
vn 0.03011392651428696 -0.861923227989564 -0.5061437547593988
vn -0.8660559269716003 -0.1595035681342839 -0.47382037008743527
vn -0.8568773784469556 -0.5151176403804626 0.02037093210280622
vn -0.2734443480809857 -0.024587742404035242 0.9615735184716963
vn 0.8092641931999127 0.4398599322204067 0.3893773306595462
vn 0.5433940172815503 -0.6438810088782152 -0.5386466266380862
vn 0.9125740732002953 -0.1777490715163815 -0.3682578288342098
vn 0.10800408621515965 0.951219384266534 0.28899273408932685
vn -0.7293962178038829 -0.6136781520980154 -0.30229171852856934
vn -0.36454707529500363 -0.5513205550247376 -0.7504339248068908
vn -0.5500449370240985 0.51541171883974 0.6571159162102377
vn -0.8763579645344135 0.4213107785444729 0.23343938373665607
vn 0.7816278121954382 -0.20339990588954596 -0.5896494225272307
vn -0.5802837137688729 -0.5184385290802453 -0.62808622266351
vn -0.7848029695525383 0.2407513845482607 0.5710718604690772
vn -0.859472611558906 0.09632192318430294 0.5020248172094595
vn 0.4557117744690311 0.5369079620577134 0.7099694492647695
vn 0.5672065149686866 0.5538344510252409 0.6095442315653942
vn -0.4349247805410732 -0.5932043780159476 -0.6774577486264454
vn -0.030113922792374893 -0.8619232280862572 -0.5061437548161796
vn -0.6276885891979542 -0.6576659705460856 0.41651231215458334
vn 0.8660559269716003 -0.1595035681342839 -0.47382037008743527
vn 0.8568774216045109 -0.5151175708885414 0.02037087396980422
vn 0.27344429328373926 -0.02458769068224604 0.9615735353770248
vn -0.7159666003957814 -0.6869656021193876 -0.12437881098665726
vn -0.8805947966528745 0.3586845127098493 0.3096743845557466
vn -0.9782165069182562 0.14336605047992998 0.15012874862074768
vn -0.42005378352373646 -0.770231789706693 -0.47989353931118767
vn 0.3735283290180078 0.9117662249572343 0.17075988536025954
vn 0.9603486657050941 -0.092647880314896 -0.26295781135308
vn 0.6939815362544735 0.6973801931386092 0.17902651634838074
vn 0.8594437286559803 -0.4356175683898541 -0.26757019898340023
vn -0.9128497470799266 -0.36838413204436404 -0.17606382511474294
vn -0.8072615997909403 0.5273122876323214 0.2650857612451863
vn 0.9171917976842958 -0.26378643346748926 -0.29862338116623016
vn 0.612913251579914 0.5047408347769919 -0.6079260117369236
vn -0.9681532807609348 -0.030917016241961217 -0.24844187058250314
vn 0.8389297165446145 0.5350697064617256 0.0994853754344611
vn 0.7945770587123541 -0.16342341829580445 0.584756431448632
vn 0.8393776588223645 0.3734113948321492 0.3949798426241461
vn -0.57248984942593 0.33535840624226176 0.7481912266706461
vn -0.8566381601817417 -0.4259489311199482 0.29109890174683617
vn 0.9740486061364506 -0.013180857411073527 0.2259548138047672
vn 0.9753639539750302 -0.14289420611241238 0.16806666280288446
vn 0.5365595917790646 0.7126180662705363 -0.45197267184501916
vn -0.5966964994395275 -0.5563474925547769 0.5782998833517315
vn 0.9969854565390884 -0.07197863760595324 0.02896679440214872
vn 0.17786578738240172 0.9150298784554189 -0.36205535932050453
vn -0.9762924751490636 0.11336728746886068 -0.18439322411430398
vn -0.5205836929410219 -0.7386168294397789 0.4282963902628834
vn -0.9951315677801661 -0.045273852311212386 -0.08754108238016668
vn -0.14261205206003696 -0.9462862419452283 0.2901795149771985
vn 0.7159667814681893 -0.6869654254724349 -0.12437874432377456
vn 0.4200538386190127 -0.7702317814380879 -0.4798935043571042
vn 0.978216530103026 0.14336591976740667 0.15012872237663602
vn 0.8805949136953335 0.35868430321099626 0.30967429438678024
vn -0.9603487041856921 -0.09264775161712499 -0.26295771616203556
vn -0.3735284291015457 0.9117661914136231 0.17075984553760873
vn -0.8594437243517119 -0.4356175960105154 -0.26757016784103205
vn -0.693981569004238 0.6973801661522134 0.17902649451946304
vn 0.8072616269304523 0.5273122664257353 0.2650857207820775
vn 0.9128498081939872 -0.3683840730488478 -0.17606363169076714
vn 0.9681533538705339 -0.03091733332290275 -0.2484415462225211
vn -0.6129139161268415 0.5047406632888648 -0.6079254841185522
vn -0.9171918087037363 -0.2637865260436729 -0.2986232655446983
vn -0.838929762820511 0.535069638356001 0.09948535150211582
vn -0.7945774805174333 -0.16342306160839062 0.5847559579765802
vn 0.8566381389792529 -0.42594903978665727 0.29109880513493475
vn 0.5724897807477495 0.33535854993868836 0.7481912148123726
vn -0.8393777028367293 0.37341120908261394 0.39497992469490867
vn -0.5365598132578511 0.7126179841677387 -0.4519725383664457
vn -0.9753638574172888 -0.14289449255300765 0.1680669796303996
vn -0.974048736048603 -0.013180410521068123 0.22595427984575825
vn 0.5966970474372977 -0.5563472649107243 0.5782995369235285
vn -0.1778657729526572 0.9150298808806201 -0.36205536028009844
vn -0.9969854570737544 -0.07197863019397338 0.028966794417683107
vn 0.9762924714432227 0.1133673689949226 -0.18439319361205675
vn 0.520584169111425 -0.7386166496798311 0.42829612149342294
vn 0.9951315677801661 -0.045273852311212386 -0.08754108238016668
vn 0.1426120362286265 -0.9462862357726612 0.290179542886697
vn -0.8588128806172594 -0.4924563536439349 -0.14116364915092178
vn -0.7748866747468975 0.5748795919035502 0.26280048727600036
vn -0.916908483464186 0.3853869357830788 0.10370989672705191
vn -0.5796971736410002 -0.6574174556797531 -0.48140780616873674
vn 0.5813868597556293 0.7961917458905938 0.16753513983393614
vn 0.916426455790652 -0.33541171863500857 -0.218315208195156
vn 0.8380628049806665 0.5097029696693604 0.1945600617243237
vn 0.7337266771872932 -0.6428351375197492 -0.22001852002424477
vn -0.9684324413277519 -0.13687074394651086 -0.20833868108322878
vn -0.6603430021345356 0.7186650751159652 0.2178706711343055
vn 0.8334740327543063 -0.49165558385734115 -0.25218212384340527
vn 0.7412453463578037 0.3181817604463267 -0.5910293595263909
vn -0.9354876921110528 0.2014207551681789 -0.2903316333027054
vn 0.941102630978794 0.3141714656010604 0.12498851213961132
vn 0.7065381957688541 -0.33609306593014093 0.6227722127338133
vn 0.8903157221438264 0.16682864925067908 0.42368162184913216
vn -0.49882013155485133 0.48997757378869944 0.7149128992679741
vn -0.94580333526934 -0.1917118113911409 0.2621118699458687
vn 0.931091955667802 -0.24631076824265966 0.2690702055940392
vn 0.9023293769215951 -0.37413286816190927 0.214070765181118
vn 0.713092333092006 0.5433260247926157 -0.4430532194538859
vn -0.7372478196058372 -0.3731116030818833 0.5632525047721545
vn 0.9460952257326791 -0.31519642390227337 0.07453212867649384
vn 0.41280126088131464 0.8307731650316846 -0.3733779148236193
vn -0.9099478544555364 0.34524019880845436 -0.22979144304883187
vn -0.7031954669327174 -0.5732008334861941 0.42066250103379793
vn -0.9712184415163858 0.19928559142960614 -0.13046069104153488
vn -0.38374968843458374 -0.8720291138796153 0.30381145661856257
vn 0.8588129142837024 -0.4924563089682546 -0.14116360018395946
vn 0.5796971340664246 -0.6574174783952638 -0.4814078228026489
vn 0.916908483464186 0.3853869357830788 0.10370989672705191
vn 0.7748867251138434 0.5748795254455622 0.26280048414306256
vn -0.916426455790652 -0.33541171863500857 -0.218315208195156
vn -0.5813868597556293 0.7961917458905938 0.16753513983393614
vn -0.7337265659280061 -0.6428352636942236 -0.2200185224081678
vn -0.8380627617783926 0.5097030392497932 0.19456006553220806
vn 0.660343040036043 0.7186650514959888 0.21787063417134606
vn 0.968432468139575 -0.1368707691141493 -0.20833853991806747
vn 0.9354876914531143 0.20142084443348504 -0.290331573493867
vn -0.7412455122902376 0.3181817251145815 -0.591029170441436
vn -0.8334740337013188 -0.49165567382293807 -0.25218194531600746
vn -0.9411025992857104 0.31417154442781625 0.12498855263391269
vn -0.7065383710768002 -0.3360930344600567 0.6227720308295587
vn 0.9458034379338757 -0.19171171863059935 0.26211156733758173
vn 0.4988201533454818 0.48997765532599724 0.7149128281809106
vn -0.8903155713792934 0.16682858373316797 0.4236819644605465
vn -0.7130923194143663 0.5433260739758637 -0.44305318115347453
vn -0.9023293884085596 -0.37413281332010484 0.2140708126097965
vn -0.9310919528819435 -0.24631081220917256 0.2690701749866501
vn 0.7372479753243703 -0.3731115019866386 0.5632523679181395
vn -0.41280126088131464 0.8307731650316846 -0.3733779148236193
vn -0.9460952163200785 -0.31519645056873974 0.07453213538556214
vn 0.9099478763111705 0.34524011769365803 -0.22979147837041317
vn 0.7031954517235033 -0.5732008806932416 0.4206624621330864
vn 0.9712184415163858 0.19928559142960614 -0.13046069104153488
vn 0.38374968843458374 -0.8720291138796153 0.30381145661856257
vn -0.538035801404184 -0.7992343774992822 -0.26784675885791964
vn -0.9745075819159328 0.19314143292518068 0.11415498095120352
vn -0.9972103225382076 -0.037906609427246496 -0.06430133423945493
vn -0.16197915078510045 -0.8142264336204548 -0.5574926631845954
vn 0.1583645183649752 0.9563829235637835 0.24546360797197553
vn 0.9948549255306953 0.08862972990928637 -0.049075942410936955
vn 0.5039430859211179 0.8012328151873284 0.3225947024042542
vn 0.9571574444096267 -0.2797208461630095 -0.07487239032569071
vn -0.7205110055854138 -0.6426495787990895 -0.26050990326597706
vn -0.8663485411984235 0.4783837963924166 0.14348919301655585
vn 0.9412574249681347 -0.30902076022484337 -0.13616398089221657
vn 0.8204732507305016 -0.16319660782817494 -0.5478964427965384
vn -0.8441218814559263 -0.45530796486697195 -0.2831128862768402
vn 0.6898215625870053 0.6688326803516179 0.27714447041875584
vn 0.5789461135216717 0.6236985921162145 0.5251870750793508
vn 0.44616509355785156 0.8071987190633566 0.386480189961905
vn -0.44300076436012853 0.8059971345384479 0.39257985415982954
vn -0.9498575353636174 -0.16343899112264154 0.26656773753357266
vn 0.8520484355373132 0.4180734947946073 0.31500478797732656
vn 0.8577683122142905 0.3119553382181378 0.4085552465924952
vn 0.7226142350423879 0.044214446484126556 -0.6898360312684508
vn -0.8015393078006599 0.11894651590346968 0.5859918637701931
vn 0.9277451447634083 0.22715477188090893 0.2961243927467893
vn 0.37766078055365027 0.1264504490302557 -0.9172691092431132
vn -0.8566605474858254 -0.3391351710175602 -0.38874161362037896
vn -0.7030484539951326 -0.07228495040355164 0.7074586611811391
vn -0.9200301649659625 -0.32828634560802 -0.2139452519688987
vn -0.3253887968928321 -0.19425341947560795 0.9254121999836985
vn 0.5380360605822513 -0.7992342295228684 -0.2678466797855047
vn 0.16197928923798177 -0.814226395844056 -0.5574926781301767
vn 0.9972103125702598 -0.03790684746691477 -0.06430134849787056
vn 0.9745076751203078 0.1931410701433029 0.11415479909102531
vn -0.9948549274716697 0.08862968537872049 -0.04907598348487803
vn -0.1583646055296739 0.9563829100224583 0.24546360449648214
vn -0.9571575299554707 -0.27972056810426915 -0.07487233553834892
vn -0.5039432530804951 0.8012327370527942 0.3225946353390519
vn 0.866348555402297 0.4783837744332462 0.14348918046791492
vn 0.7205110335549241 -0.6426496037460978 -0.2605097643670938
vn 0.8441220058147634 -0.4553077888306304 -0.2831127985969952
vn -0.8204739039806935 -0.16319613051346848 -0.5478956067282441
vn -0.941257507910422 -0.3090205098995867 -0.13616397564576774
vn -0.6898216639654312 0.6688326034586402 0.27714440365033727
vn -0.5789461746706276 0.6236985341752557 0.5251870764802621
vn 0.9498575893864784 -0.16343901996452392 0.2665675273508466
vn 0.4430008471372461 0.8059970628714346 0.392579907889213
vn -0.4461651805839695 0.8071987147559389 0.3864800984925799
vn -0.7226152272516367 0.04421528338523977 -0.6898349382709087
vn -0.8577681187482078 0.31195533288940763 0.40855565684618717
vn -0.8520486388369521 0.41807329819271816 0.31500449900653754
vn 0.8015398530150486 0.11894604036813201 0.5859912145325707
vn -0.3776599099621249 0.12645013398837582 -0.9172695111153109
vn -0.9277445683519747 0.2271543594559517 0.2961265149789268
vn 0.8566602005977982 -0.33913532428087 -0.3887422443427642
vn 0.7030492450008119 -0.07228526498793977 0.7074578429626827
vn 0.92003019591307 -0.3282861182320226 -0.2139454677816485
vn 0.3253887968928321 -0.19425341947560795 0.9254121999836985
vn -0.6814562090203011 -0.7282359608522658 -0.07273115226130485
vn -0.901715436299011 0.3589286422026396 0.24099689157052145
vn -0.9883082562126697 0.1155825114498103 0.09943577700619975
vn -0.3698398789151915 -0.83210957505934 -0.4132942281941051
vn 0.3302541133095383 0.9396113912526918 0.08979228291068049
vn 0.9730000128930855 -0.07730736020412605 -0.21747309481479535
vn 0.6582602941000035 0.7412154171331552 0.13150319621780945
vn 0.8794874178752895 -0.43718753387847703 -0.1880663234614622
vn -0.8364603365735155 -0.5450073380457752 -0.05745525925082233
vn -0.7502757882257309 0.6252619007543337 0.21478779543385612
vn 0.8488184969732365 -0.4700531750140591 -0.24198589185177347
vn 0.6769819093083348 -0.35074054331915616 -0.6470522125311252
vn -0.9352935046355407 -0.3435360226238131 -0.08490619144902424
vn 0.8130617155969193 0.5773049007040246 0.07516447467860414
vn 0.7425462064344298 0.5761351033429207 0.34160426520445986
vn 0.6142240321572224 0.7627405716618011 0.20237504456219982
vn -0.24720536566738893 0.9041085983497475 0.3485357220936001
vn -0.9004502776871688 0.019508426758488094 0.43452125229787025
vn 0.9434831599721735 0.30897086404371543 0.11990217688183201
vn 0.9507331476016243 0.2134370407067198 0.22483574383506238
vn 0.5846613101869877 -0.14569209646531442 -0.7980883192967909
vn -0.657777645526047 0.3081281084344394 0.6873031629774624
vn 0.9876408623529207 0.10688674500314084 0.11463311368628402
vn 0.21894319150147806 -0.033636282813989414 -0.975157668981588
vn -0.9499599456796121 -0.23828116358341947 -0.20198561504651874
vn -0.5662758350077611 0.11677163093674443 0.8159019946627387
vn -0.9797447855134958 -0.19906929003840393 -0.021715732147911785
vn -0.17615237326911531 -0.04042139906002449 0.9835326389549501
vn 0.6814561452999126 -0.7282360160586338 -0.07273119652551889
vn 0.36983999092957665 -0.8321095588713955 -0.4132941605491931
vn 0.9883082986070135 0.11558223376558935 0.09943567841708857
vn 0.9017155744650281 0.3589283517251591 0.24099680723002262
vn -0.9730000272769341 -0.07730720759960877 -0.21747308470759485
vn -0.3302541657504114 0.9396113708709283 0.08979230331467539
vn -0.8794874542938926 -0.43718746274820025 -0.18806631850344518
vn -0.6582601042318298 0.7412155834997737 0.1315032089106224
vn 0.750275649834664 0.6252620635826254 0.21478780484368626
vn 0.8364601722106304 -0.5450075858801355 -0.057455301221637375
vn 0.93529354781764 -0.34353595698712025 -0.0849059813419262
vn -0.6769818840971786 -0.35074053133590805 -0.6470522454040626
vn -0.8488183793613066 -0.47005329510792787 -0.24198607112109635
vn -0.8130615885287478 0.5773050739378502 0.07516451865556342
vn -0.7425459624994383 0.576135277876719 0.34160450108524404
vn 0.9004501834689906 0.019508524157474526 0.43452144317151786
vn 0.24720518445918904 0.9041086491978066 0.3485357187179182
vn -0.6142238425882298 0.7627407371201568 0.2023749963151308
vn -0.5846615379630616 -0.14569191499937018 -0.7980881855600194
vn -0.950733269411817 0.21343693698248378 0.22483532721761623
vn -0.9434833568679875 0.3089704527326347 0.11990168744143871
vn 0.6577773472858172 0.30812834675135214 0.6873033415646339
vn -0.21894316312776338 -0.03363628303346666 -0.9751576753445065
vn -0.9876408623529207 0.10688674500314084 0.11463311368628402
vn 0.9499599360744218 -0.23828119097644465 -0.20198562790537253
vn 0.5662758350077611 0.11677163093674443 0.8159019946627387
vn 0.979744785434237 -0.19906929002229976 -0.021715735871445315
vn 0.1761523588568577 -0.04042139544692211 0.983532641684702
vn 0.8471125989769784 0.4090401544471544 0.3392438602308331
vn 0.7606755745216747 -0.5140974690696005 -0.3963287305032921
vn 0.9299983913135883 -0.2234231963006658 -0.2918648103299405
vn 0.5473589291495891 0.7322818027986502 0.4051685624159085
vn -0.5529836912545538 -0.5061229376099143 -0.6618524074380928
vn -0.9308768144492098 0.306632645544624 0.19860709203650415
vn -0.8169456777598392 -0.4825288389162965 -0.3158570550163596
vn -0.7250949267120292 0.5070387210855738 0.4659925778125471
vn 0.9342892652925254 0.2661900786131927 0.2371632577088097
vn 0.5097857795638062 -0.7271469352295772 -0.45975623273725785
vn -0.6398565781978774 0.6089143765216805 0.4688356230088716
vn -0.5541196562476239 0.5892992122794563 0.5879437430288952
vn 0.9585749300627164 0.13307819974087862 0.2518418079052508
vn -0.9178358892117563 -0.34000372811271584 -0.2048773910033005
vn -0.8463556912048954 -0.48108393781142456 -0.22856134569287334
vn -0.8508496650151322 -0.450187402695085 -0.2708987818324235
vn 0.18635363341897762 -0.8101518517639366 -0.5558113892275055
vn 0.9119586942800896 -0.39730411760208406 -0.10237567124753652
vn -0.9722133649798043 -0.1560669505224994 -0.17448289288424182
vn -0.9591305323176635 -0.24335889688986703 -0.1443782160874086
vn -0.4295359062007293 0.537277056142974 0.7258321226197266
vn 0.5718155621401737 -0.6365595591441938 -0.5175122129539234
vn -0.987063078869122 -0.1336942800872872 0.08850038308025121
vn -0.3416387735372359 0.6443068382436805 0.6842160818107136
vn 0.956944151127908 0.2318496515147277 0.1746528863620273
vn 0.43352121536870253 -0.5674759800855569 -0.7000216909862004
vn 0.9983507908768705 0.05337130234475597 -0.02114716154834518
vn 0.3371936297598799 -0.6830757687694753 -0.6478487093213562
vn -0.8471125151446461 0.40904026195776283 0.339243939935316
vn -0.5473589291495891 0.7322818027986502 0.4051685624159085
vn -0.929998440314748 -0.22342307454399307 -0.2918647473975665
vn -0.76067559065271 -0.514097439688255 -0.39632873765490634
vn 0.9308768702058415 0.3066325250677886 0.1986070167097041
vn 0.5529837130694715 -0.5061229575761997 -0.6618523739431783
vn 0.7250949751185205 0.5070387132550164 0.46599251101124944
vn 0.8169456308070068 -0.4825288761914114 -0.31585711951259726
vn -0.5097857063695266 -0.7271469754502717 -0.45975625028360906
vn -0.934289183365532 0.26619023824697746 0.23716340128313357
vn -0.9585750750829609 0.13307787549864497 0.25184142725624625
vn 0.5541193525490958 0.5892993254531349 0.5879439158211018
vn 0.6398566276821063 0.6089143072860247 0.46883564539576444
vn 0.9178357931025654 -0.3400038856815479 -0.20487756007243327
vn 0.8463558735981149 -0.4810837014273689 -0.2285611678455328
vn -0.9119587353165797 -0.3973040201057131 -0.10237568406425303
vn -0.18635371716126312 -0.8101517727092129 -0.5558114763805257
vn 0.8508493358556128 -0.45018816281584945 -0.27089855247777284
vn 0.42953596373634567 0.5372769343456747 0.7258321787281151
vn 0.9591310067506718 -0.24335777869277017 -0.14437694912680366
vn 0.9722133176879807 -0.15606717601646086 -0.17448295469866487
vn -0.5718156721819445 -0.6365593701247441 -0.5175123238663017
vn 0.3416395785613068 0.6443066005066121 0.6842159037205037
vn 0.9870630915074164 -0.13369422902237488 0.08850031926459005
vn -0.9569447247148883 0.23184837901441557 0.17465143282760218
vn -0.43352139332820905 -0.5674759193624703 -0.7000216300018788
vn -0.9983507861672721 0.053371361697627344 -0.021147234091745896
vn -0.3371944119115233 -0.68307542591201 -0.6478486637253859
vn 0.8471123750357028 0.39909169898530505 0.3508937729034153
vn 0.7606760396888986 -0.5024590580395321 -0.4109827948190037
vn 0.9299985874730088 -0.21491682779768465 -0.2981834744374492
vn 0.5473590392330419 0.7202983961877285 0.42610832263553305
vn -0.5529836485470893 -0.48683456195887187 -0.6761665428885568
vn -0.9308770695005356 0.3007797832239501 0.20736297519530442
vn -0.8169454294441701 -0.47322398182454084 -0.3296349925848392
vn -0.725095260880754 0.49339523150491527 0.4804144129566499
vn 0.9342889194257895 0.2592439354725154 0.2447382212873848
vn 0.5097864347620893 -0.7135918844816133 -0.48052514329069007
vn -0.6398569884789858 0.5951467103643474 0.4861927883433676
vn -0.5541192170708156 0.5721068255829008 0.6046864256739045
vn 0.9585746786908852 0.12576416476202243 0.2555737862817256
vn -0.9178355191555224 -0.33395748804264874 -0.21459346671498863
vn -0.8463550923490263 -0.47429663601045574 -0.24233398177729065
vn -0.8508493698841728 -0.44219209696916845 -0.28376310391894777
vn 0.18635492148308982 -0.7937938622731487 -0.5789327659206283
vn 0.911958825460035 -0.3941878131341325 -0.1137851863912151
vn -0.9722130101150911 -0.15097370437112861 -0.178910043182078
vn -0.9591308356107157 -0.2390954077351759 -0.15133217166432453
vn -0.4295374563229667 0.5161308182525808 0.741017241409076
vn 0.5718161627439579 -0.6213771282703248 -0.5356460963054804
vn -0.9870630659243581 -0.13618931390267022 0.08461072430092116
vn -0.3416401806583782 0.6243153925070198 0.7025042901210758
vn 0.9569444693525513 0.22671824781703342 0.1812625683431042
vn 0.433523918833595 -0.547060484196793 -0.7160878706063473
vn 0.9983508198833636 0.05395754166603941 -0.01960163604327988
vn 0.33719372894089583 -0.6641170411010969 -0.6672697691953814
vn -0.8471125290618182 0.39909153829565447 0.35089358382178837
vn -0.5473592975732126 0.7202982435896499 0.42610824873713093
vn -0.9299985844946785 -0.21491684201057257 -0.2981834734825135
vn -0.7606758587296941 -0.5024592354364281 -0.41098291286923644
vn 0.9308770695005356 0.3007797832239501 0.20736297519530442
vn 0.5529838827022316 -0.486834468798468 -0.6761664184661036
vn 0.7250950806832687 0.493395439179721 0.4804144716446149
vn 0.8169456605893535 -0.47322370939045627 -0.3296348108361157
vn -0.5097862001186259 -0.7135919493706208 -0.4805252958607378
vn -0.9342891465936644 0.2592434853158708 0.24473783091006204
vn -0.9585747842653736 0.12576373083946796 0.2555736038324977
vn 0.5541192381184842 0.5721069069184567 0.6046863294330269
vn 0.6398568230912426 0.5951467824570253 0.4861929177544983
vn 0.9178357938676175 -0.3339570244109929 -0.21459301326454264
vn 0.8463554524526005 -0.4742961605606693 -0.24233365466059753
vn -0.9119586388558615 -0.3941881375924041 -0.11378555794825781
vn -0.18635493825335592 -0.7937938106301055 -0.5789328313318604
vn 0.8508493720442659 -0.4421924557196444 -0.28376253839523774
vn 0.4295370570306205 0.5161309232083419 0.7410173997589923
vn 0.9591303217823863 -0.23909650119978704 -0.15133370064739896
vn 0.9722131130958367 -0.15097327897326202 -0.17890984254803796
vn -0.5718162240377838 -0.6213770705012635 -0.5356460978878111
vn 0.34163940246944086 0.6243156248429905 0.7025044620906187
vn 0.9870629342133781 -0.13619113011943004 0.08460933742128492
vn -0.956944009656311 0.22671933966283447 0.18126362957237346
vn -0.433523567507408 -0.5470606709627737 -0.7160879406200119
vn -0.9983507712844281 0.05395905895782801 -0.0195999344941137
vn -0.33719292208102486 -0.6641172155876166 -0.6672700032660025
vn -0.8319194394925712 -0.1351293934150271 0.5381915023759226
vn -0.5998200851471955 0.6184338410899823 0.5076962178790595
vn -0.8816790080514283 -0.030663905998500184 -0.47085226093793475
vn -0.3352853742950457 -0.6181888144933251 -0.7109334057555381
vn 0.10175994938784333 0.5802037208323965 -0.8080894474207829
vn 0.8701529522049543 -0.0028328890974680513 -0.4927735935583034
vn 0.5764980241245092 0.7651154299489943 0.2867898307724706
vn 0.40246197619864316 0.49985882687792865 0.7669194944102697
vn -0.6837724600219361 0.11457986640960607 0.7206432384537487
vn 0.6727879585473348 0.5402165604776763 0.5054922656375455
vn 0.7050793223909818 -0.2026049957002268 -0.6795692494911649
vn 0.8396560601632153 0.5092025430680052 0.18891921756206637
vn 0.6981688136210136 -0.1768366842040375 -0.6937500232841424
vn -0.6205847206253547 -0.6258928122170022 -0.4723693386974252
vn -0.6945506813258066 0.16382987521062112 0.7005420209083323
vn -0.8978791007380766 0.1558994014946637 0.4117140962748158
vn 0.7550308145352037 0.6266666085453686 0.19291819726649095
vn -0.8296789799913069 -0.5278635794743892 -0.18163928987162864
vn 0.895513992977534 -0.16317949853730362 -0.4140376065510804
vn 0.8273185372572428 0.5603161373613024 0.03987310024372686
vn 0.9175810236368632 -0.27398669774970097 -0.28805616556105895
vn -0.7474740146085771 -0.6341534255658398 -0.19781817491840292
vn -0.9345289150147934 0.2334885219508787 0.2685867031676492
vn -0.9791216816605076 0.2031864516899286 0.0059998626614385184
vn 0.7498119646833264 0.6382263450377484 -0.17449684844571495
vn -0.759669187022489 -0.6474824567692664 -0.060573876090487686
vn 0.9811104287059277 -0.19297064351051002 0.013588871461986302
vn 0.5509057720630263 0.6451608631847539 -0.5294056015215027
vn 0.9119252308357599 -0.16628957821384452 0.3751535013066085
vn -0.7911030615340288 -0.589276788026821 0.16403905975187688
vn -0.8863546966037766 0.22282921073797207 -0.4058601910144916
vn -0.8376200682453617 -0.2301157681969312 -0.4954183631031167
vn 0.51268630048168 0.2797718878226164 -0.8117145114401848
vn -0.690735707516138 -0.5840677105545302 0.42632040984425046
vn -0.47033488079111585 -0.30754392900175326 0.8271649361798233
vn 0.840851132235631 0.24523964644848104 0.48252138732690525
vn 0.8453782947818456 0.43434233248976006 0.3109377380105119
vn -0.8353959217765157 0.05441873825257686 0.5469481280762948
vn 0.8592636092411472 -0.023683419735623646 -0.5109844865194083
vn 0.9804584882217345 0.031225578547995878 -0.1942321191726376
vn 0.5617468315921665 0.7278065628124233 0.39336764524211715
vn -0.8380683853078139 -0.4511625870422066 -0.30674696673469587
vn -0.5492265241266034 -0.7290622018239078 -0.4084342432601422
vn -0.33477938644411825 -0.9416392577539822 -0.03518907030072224
vn 0.9907367955265166 -0.12473552837421537 0.053681001770222996
vn -0.9812430506542443 0.001376473428612476 0.1927697612792324
vn 0.04220162785481548 0.999098856526956 0.004527415701359318
vn 0.6704933617680869 -0.4320788664971185 0.6031140065953489
vn 0.445312228564094 0.7949104251692173 -0.4120854705623266
vn -0.9891753956124097 0.1452354812765709 -0.020944968211847992
vn 0.5093605047333143 -0.4869675457809752 0.7095170791276818
vn -0.31800862930978674 0.5692161283012545 -0.7581975408600587
vn -0.6477034708796945 0.4322131290011226 -0.6274328848008014
vn -0.4309595875880946 -0.7747994755885321 0.46255767909919626
vn -0.6273674944633865 0.4055403457889596 -0.6647909858204335
vn 0.48747239816515237 -0.5226470967405445 0.6994359679740492
vn 0.8319195045186814 -0.135129453900286 0.5381913866739252
vn 0.335285416698379 -0.6181889019873679 -0.7109333096775299
vn 0.8816790550643958 -0.030664030357798935 -0.4708521648065029
vn 0.5998201312252218 0.618433707934315 0.507696325639227
vn -0.8701528866188055 -0.002832887681010679 -0.49277370938022547
vn -0.1017599532421246 0.5802037599320558 -0.8080894188620873
vn -0.40246197619864316 0.49985882687792865 0.7669194944102697
vn -0.5764979925298981 0.7651155267279414 0.2867896360903278
vn -0.672787980210714 0.5402165182676878 0.5054922819141011
vn 0.6837725616219911 0.11457975170011514 0.7206431602903344
vn -0.7050794564854437 -0.20260488076819666 -0.6795691446284889
vn -0.6981690102805215 -0.1768365397124623 -0.693749862202826
vn -0.8396560601632153 0.5092025430680052 0.18891921756206637
vn 0.62058466956077 -0.6258928804347539 -0.4723693153955248
vn -0.7550308123647126 0.6266666067438867 0.1929182116130692
vn 0.8978790871000668 0.1558994243770458 0.41171411735238866
vn 0.6945506847169574 0.16382984620820013 0.7005420243287359
vn 0.8296788241073593 -0.527863734954939 -0.18163955006344684
vn -0.895513992977534 -0.16317949853730362 -0.4140376065510804
vn -0.9175810236368632 -0.27398669774970097 -0.28805616556105895
vn -0.8273185372572428 0.5603161373613024 0.03987310024372686
vn 0.7474740168119214 -0.6341534274351467 -0.19781816060035434
vn -0.7498119361595382 0.6382263803634612 -0.17449684180763583
vn 0.9791216786960069 0.20318646597589918 0.005999862643272649
vn 0.9345289117633335 0.23348853603967534 0.2685867022331689
vn 0.759669187022489 -0.6474824567692664 -0.060573876090487686
vn -0.9811104287059277 -0.19297064351051002 0.013588871461986302
vn -0.9119252353550928 -0.16628954923562322 0.37515350316579993
vn -0.5509057720630263 0.6451608631847539 -0.5294056015215027
vn 0.7911030615340288 -0.589276788026821 0.16403905975187688
vn -0.5126868387880454 0.27977227627029366 -0.811714037555135
vn 0.8376200682453617 -0.2301157681969312 -0.4954183631031167
vn 0.8863546936607118 0.2228292248992481 -0.4058601896668676
vn 0.690735707516138 -0.5840677105545302 0.42632040984425046
vn 0.4703343902032067 -0.3075436414743779 0.8271653220371712
vn 0.8353952831695963 0.05441944344272801 0.5469490333050913
vn -0.8453785912096656 0.4343421826584495 0.310937141377249
vn -0.8408517952968088 0.24523982742361428 0.4825201398816109
vn -0.5617458357697563 0.7278070026619141 0.39336825351268323
vn -0.9804583454130301 0.0312249203182878 -0.19423294586928308
vn -0.8592630345246326 -0.023684186090454435 -0.5109854174325846
vn 0.8380686569910747 -0.45116245365316254 -0.3067464206520338
vn -0.9907368995069611 -0.12473478139881866 0.053680818405855674
vn 0.3347789621935532 -0.9416394168281227 -0.03518884977091988
vn 0.5492266360557996 -0.7290623709739951 -0.40843379081144465
vn 0.9812431096065798 0.0013762031113267405 0.19276946312786686
vn -0.04220158326715731 0.9990988592690782 0.004527226189637155
vn -0.4453128314212493 0.794910377722106 -0.41208491062072206
vn -0.6704933686034217 -0.43207893050658536 0.6031139531391405
vn 0.9891754871643884 0.14523485136702893 -0.020945012329710484
vn 0.31800860252135776 0.5692161336959407 -0.7581975480457965
vn -0.509359888458658 -0.48696788406991165 0.709517289369228
vn 0.430960147879667 -0.7747993456774639 0.4625573746869779
vn 0.6477035734504741 0.43221299868894436 -0.6274328686830144
vn 0.6273674944633865 0.4055403457889596 -0.6647909858204335
vn -0.4874726861126208 -0.5226468475191671 0.6994359535171342
vn -0.006880955198516093 0.4241207772455613 -0.9055794933434486
vn -0.010504309171612849 0.6474543265385876 -0.7620318592652744
vn 0.23749624245242856 0.6474541440025006 -0.724153758696982
vn 0.287531890942507 0.4241219883156817 -0.8587467325807878
vn 0.01614590939101544 -0.9951771612331084 -0.09675601981245822
vn 0.015804558872648852 -0.9741350338567273 -0.22541329093865312
vn 0.08814015946422056 -0.9741350370245676 -0.20806787818105488
vn -0.0024093988182023332 0.1484712678562583 -0.9889137866459797
vn 0.31882122054928697 0.14847046088389607 -0.9361140697438461
vn 0.0024083620152679317 -0.14847090973116467 -0.9889138429388092
vn 0.32337796882450887 -0.14847110301089939 -0.9345496353055102
vn 0.006880748943851433 -0.4241208985063368 -0.9055794381191246
vn 0.3005488487564632 -0.4241208991576644 -0.8542785566832747
vn -0.015804572173339387 0.9741350500161938 -0.22541322017212123
vn 0.01614590939101544 0.9951771612331084 -0.09675601981245822
vn 0.05824387017400432 0.9741350318513465 -0.2183313795750167
vn 0.010504310102832669 -0.6474543265322537 -0.7620318592578196
vn 0.25736612375805495 -0.6474548652293667 -0.7173317752843353
vn -0.014851126655235136 0.9153916138273999 -0.4022904887907973
vn 0.11657692295682773 0.915391727767162 -0.3853152031381163
vn 0.013132064322041956 -0.8094195550193976 -0.5870839231650294
vn 0.20304632313648957 -0.8094195178018243 -0.5510101948804709
vn -0.01313206926335185 0.8094196321718802 -0.5870838166834451
vn 0.17820524670157092 0.8094197880972519 -0.5595377526893356
vn 0.014851120890479276 -0.9153916029285607 -0.40229051380336645
vn 0.14467063424624862 -0.9153918547010755 -0.3756702808763466
vn 0.6055026115817874 0.14847034366568213 -0.7818715651687488
vn 0.6093040174187402 -0.14847015004038808 -0.7789128506478555
vn 0.5616481282557413 -0.4241215570342799 -0.710402903207497
vn 0.046687856526378024 0.995177154244892 -0.08627094367172958
vn 0.1259798290233632 0.9741350061369015 -0.18759017164527303
vn 0.4763388349008571 -0.6474546212159434 -0.594898165933812
vn 0.23537188993384062 0.9153917519335691 -0.32658538534503156
vn 0.3709574583657204 -0.8094198581269785 -0.4552252819786563
vn 0.3502314952481207 0.8094196244891777 -0.471357371033979
vn 0.25881156479599965 -0.9153917486391537 -0.30834156458576634
vn 0.4597596315526433 0.6474551085534147 -0.6078017469559164
vn 0.15092334318393935 -0.9741349924193788 -0.16817598231103034
vn 0.550788217215331 0.4241212854185146 -0.718855670515093
vn 0.046687856526378024 -0.995177154244892 -0.08627094367172958
vn 0.180063839856874 0.9741350799037568 -0.13652054672062922
vn 0.3286606739850194 0.9153917627978222 -0.2324652274590944
vn 0.6436923672981504 -0.6474547316451494 -0.40799817003561467
vn 0.49866903592668044 -0.8094199423895072 -0.31011054395186577
vn 0.48430410919312245 0.8094197064674857 -0.332098281538381
vn 0.34490669463823054 -0.9153916422911952 -0.20759940562814522
vn 0.6322014229546813 0.6474550857709731 -0.4255857994851076
vn 0.19735238513311126 -0.9741350687435363 -0.11005863858097789
vn 0.7543569893925248 0.4241213253463544 -0.5010654986537171
vn 0.07216953572962677 -0.9951771617361556 -0.06643775185344451
vn 0.8265679870323168 0.14847102394174602 -0.5429012045142589
vn 0.829203132012416 -0.14847095367943997 -0.5388678333082404
vn 0.7618840421574224 -0.42412174219935317 -0.48954412885832105
vn 0.07216953572962677 0.9951771617361556 -0.06643775185344451
vn 0.39362610651946034 -0.9153917130081954 -0.08435935053242226
vn 0.22239531027345513 -0.9741350767816331 -0.040014724190167696
vn 0.7361351774257199 0.647454672557286 -0.19724970859329902
vn 0.876179872869424 0.4241213495301409 -0.22897578747817912
vn 0.08983186051079986 -0.995177167912483 -0.03940356967151403
vn 0.9580622077653513 0.14847091962009465 -0.24509833144871504
vn 0.9592447247907722 -0.14847062477093473 -0.24042884922821584
vn 0.8795579536680906 -0.42412161175256957 -0.21563549008362132
vn 0.08983186051079986 0.995177167912483 -0.03940356967151403
vn 0.21463586592774353 0.9741350504390496 -0.07065655357826227
vn 0.7412923000898203 -0.6474549193957982 -0.1768837278489014
vn 0.3863345355723437 0.9153916767369253 -0.11315345679590147
vn 0.5723430938812464 -0.8094196076942728 -0.13138980769638353
vn 0.565895498154978 0.809419692071935 -0.1568503976855119
vn 0.9853371066314099 -0.14847146397447994 0.08406551421668923
vn 0.9019173904077835 -0.4241223597700528 0.08164095065036742
vn 0.09775881647482763 0.9951771679166291 -0.00810050979124249
vn 0.2259484263980091 0.974135055252136 0.0028640421053810934
vn 0.7585617781034008 -0.6474541920300388 0.07339685295254017
vn 0.40214272857315175 0.9153916727380382 0.018420405467759457
vn 0.58399480220698 -0.8094192097277635 0.061567961789497964
vn 0.5861633988484335 0.8094193897347471 0.03539380414538349
vn 0.39968991149237026 -0.9153916805928002 0.048021305195820534
vn 0.7602966270819602 0.6474542484113721 0.05245984237357233
vn 0.22333820428769433 -0.974135052776453 0.03436488698898319
vn 0.9030542180957902 0.4241217284299904 0.06792524312034737
vn 0.09775881647482763 -0.9951771679166291 -0.00810050979124249
vn 0.9857349417620586 0.14847181770361573 0.07926376181544252
vn 0.6936294195314336 -0.6474537624338811 0.31572433208528305
vn 0.5323607262474689 -0.8094194435532955 0.24785524313022045
vn 0.37437212050450963 0.915391852202489 0.14799754156827624
vn 0.5429109921944062 0.8094193921904639 0.22380326650990964
vn 0.3624405036094052 -0.9153918202810358 0.17519902027674852
vn 0.702068080371273 0.6474540140767953 0.2964855986041154
vn 0.20007837705832401 -0.9741351310885309 0.1050208998858711
vn 0.8320692685684629 0.4241211665492249 0.35746603809154753
vn 0.09509227589280887 -0.9951771669799209 0.024080394252268288
vn 0.9065883547276296 0.14847100929845583 0.3950365988995801
vn 0.9046533577830637 -0.14847110005102548 0.3994479123759026
vn 0.8265413059797216 -0.42412129115929564 0.3700683719189039
vn 0.09509227589280887 0.9951771669799209 0.024080394252268288
vn 0.21277572264824843 0.9741351031407718 0.07607425767257706
vn 0.5677595335433118 0.6474545226502975 0.5083815035682911
vn 0.6709169849281246 0.4241213864163061 0.6082692240441441
vn 0.08212066532216086 -0.9951771607328003 0.05365272670468828
vn 0.15513754308184707 -0.9741350078285215 0.16429646755013994
vn 0.7291990047354353 0.14847095564853977 0.668000888338975
vn 0.7259355620994687 -0.14847132231305113 0.6715458481220343
vn 0.661595958172157 -0.4241209440886909 0.6183948681187313
vn 0.08212066532216086 0.9951771607328003 0.05365272670468828
vn 0.176545563969619 0.9741350611541177 0.14104093899613776
vn 0.5535309407228834 -0.64745415339016 0.5238383499900241
vn 0.30603238828301355 0.9153916802302591 0.2615382363766682
vn 0.4230371686667647 -0.809419686402212 0.40728285649036583
vn 0.4408253067623949 0.809419679504127 0.38795983213378765
vn 0.2859153435941276 -0.9153917984354708 0.2833906696673802
vn 0.4685527270223928 -0.1484699064114748 0.8708702709876178
vn 0.4249571174161454 -0.4241198211863227 0.7997085879457855
vn 0.06025053574742689 0.9951771520865373 0.07741000521300274
vn 0.12118424506246239 0.9741349841284337 0.19072338987585552
vn 0.3534486549509034 -0.6474546712624291 0.6751862683540424
vn 0.20453025340788725 0.9153918597137963 0.3467349399910874
vn 0.2678714180204967 -0.8094200744694807 0.5225744410641496
vn 0.29097020576735183 0.8094202862367579 0.510073660939388
vn 0.17840716630440326 -0.9153918822824202 0.36087197849470215
vn 0.37192544185453874 0.6474544974890688 0.6651872964680575
vn 0.09338535394002632 -0.974134984298495 0.2057673638730571
vn 0.43705984991659924 0.42412042658160737 0.7931585915484464
vn 0.06025053574742689 -0.9951771520865373 0.07741000521300274
vn 0.4727888620809769 0.14846937099190946 0.8685778823855934
vn 0.08086370693425565 0.9153919238841063 0.39435857615703673
vn 0.10958361466427587 0.809419977823615 0.5769148385135625
vn 0.08367784305943897 -0.809419988099686 0.5812377322968842
vn 0.051566115915123646 -0.9153919114045987 0.3992475225025987
vn 0.13578708700422076 0.6474543323776274 0.7499098309052554
vn 0.021512970131349896 -0.9741350323173192 0.2249402830269913
vn 0.1558405475409355 0.42412031145432255 0.8920962308820893
vn 0.03185108665383244 -0.9951771462827602 0.09277906981357395
vn 0.16514598870402528 0.14847001026231882 0.9750299782405036
vn 0.1603939553030634 -0.14846971814302262 0.9758229972165907
vn 0.1422660677257387 -0.4241204644571619 0.8943613350332722
vn 0.03185108665383244 0.9951771462827602 0.09277906981357395
vn 0.052690849891250016 0.974135003505033 0.21973772840362882
vn 0.1150650580835096 -0.6474544862863837 0.7533675866374088
vn 0 -0.9951771447553192 0.09809409032480373
vn -0.05269088095650351 -0.9741350175862222 0.219737658530162
vn -0.14226727562278024 0.42412067576528784 0.894361042686491
vn -0.1603942788041375 0.148470325087651 0.9758228516976162
vn -0.1651458763995992 -0.148469867458336 0.9750300190071649
vn -0.1558413017439735 -0.42412098124231257 0.8920957806989122
vn 0 0.9951771447553192 0.09809409032480373
vn -0.021512986743180116 0.9741350254356567 0.224940311240249
vn -0.135788277813012 -0.6474545050687078 0.7499094661856263
vn -0.051566117142242796 0.9153919331881852 0.3992474723988488
vn -0.10958417434073986 -0.8094196863219463 0.5769151411850276
vn -0.0836779033848122 0.8094199354666795 0.5812377969078049
vn -0.08086373844245322 -0.9153919431949168 0.3943585248716509
vn -0.11506591251333342 0.6474541571507475 0.753367738999812
vn -0.4727895155287043 -0.14847080081143663 0.8685772822913018
vn -0.43706018055022466 -0.42412185981803446 0.7931576429701074
vn -0.03185116857110907 0.9951771450607945 0.09277905479849055
vn -0.09338532554294651 0.9741349989570727 0.20576730736475513
vn -0.3719258311387736 -0.6474539642748177 0.6651875978072317
vn -0.17840741142069177 0.915391899795887 0.36087181288962555
vn -0.29097067433933305 -0.8094194883843877 0.5100746597294065
vn -0.2678723380859008 0.8094194669207018 0.522574910475235
vn -0.20453041409885198 -0.9153919048989869 0.34673472591298987
vn -0.35344982032866556 0.6474538424525896 0.675186453065382
vn -0.12118439601861322 -0.974134999759514 0.190723214122287
vn -0.42495670706556715 0.42412155658938633 0.7997078856408668
vn -0.03185116857110907 -0.9951771450607945 0.09277905479849055
vn -0.4685524073772258 0.1484711756022767 0.8708702265873395
vn -0.4408256080340408 -0.8094196854687086 0.38795947736478237
vn -0.3060328292300801 -0.9153918408347319 0.26153715829043006
vn -0.4230376520765105 0.8094194605593064 0.4072828032135344
vn -0.5535304008624095 0.6474543282053511 0.5238387043826157
vn -0.1765460691501843 -0.9741349934995019 0.14104077391784112
vn -0.6615956546930859 0.42412168564925684 0.6183946842052092
vn -0.06025043129670762 -0.995177149731318 0.0774101167885106
vn -0.7259359805246868 0.14847115864421997 0.6715454319928804
vn -0.7291987608236546 -0.14847110354169227 0.6680011217253744
vn -0.6709163755481891 -0.42412185482467213 0.608269569583553
vn -0.06025043129670762 0.995177149731318 0.0774101167885106
vn -0.1551377885133818 0.9741350179018192 0.1642961760741854
vn -0.5677593996847756 -0.6474540887122567 0.5083822057068522
vn -0.2859159416249732 0.915391804788751 0.28339004578548266
vn -0.8265411988693591 0.4241216251931436 0.3700682283243581
vn -0.904653304643206 0.1484711756178274 0.39944800463738306
vn -0.9065884573910333 -0.1484710461524658 0.395036349441085
vn -0.8320692654091103 -0.4241217013806392 0.35746541088549433
vn -0.08212094791364201 0.995177154302946 0.05365241343365072
vn -0.2000790494811001 0.9741350209864506 0.1050206400973979
vn -0.7020680999886917 -0.6474543301913976 0.29648486183054434
vn -0.3624406119851394 0.9153918525240944 0.17519862760976265
vn -0.5429107994576272 -0.8094197290609156 0.2238025157124779
vn -0.5323606188246579 0.8094196402877984 0.24785483138522404
vn -0.3743723845551677 -0.915391722796392 0.14799767403013733
vn -0.6936289054741078 0.6474544389792892 0.3157240740532864
vn -0.21277594960664578 -0.9741350592896845 0.07607418439703055
vn -0.08212094791364201 -0.995177154302946 0.05365241343365072
vn -0.0950924234674073 0.9951771519410195 0.02408043300391882
vn -0.2372087892858677 0.9695997469485634 0.06006930166744713
vn -0.8599962042956717 -0.46149590863018347 0.2177798312852658
vn -0.7150988097967171 -0.6751601208750239 0.18108700507585176
vn -0.4193755740237613 0.9015795108439045 0.10620034622686762
vn -0.542230363864605 -0.8289341868544652 0.1373111298008451
vn -0.6006731937685338 0.784891122096226 0.1521106200843218
vn -0.3605321987851589 -0.9282677287137997 0.09129927419022749
vn -0.7671074902356211 0.6114001898136863 0.19425731986258526
vn -0.1901968415672015 -0.98056381740816 0.04816390191624417
vn -0.8973233154802445 0.37838635063865345 0.22723256180816992
vn -0.0950924234674073 -0.9951771519410195 0.02408043300391882
vn -0.9646628387431337 0.0987425062557981 0.24428574458277863
vn -0.9508673784664443 -0.19460331386455185 0.24079198242733643
vn -0.431135644824711 -0.9015795983269498 -0.03572511220691202
vn -0.6175173436504866 -0.7848911177950221 -0.0511689700631894
vn -0.5658952113945935 -0.8094197677862143 -0.15685104155720203
vn -0.3863342375923941 -0.9153917960487441 -0.1131535089626392
vn -0.7351517053937698 0.6751601074874649 -0.06091633043894556
vn -0.5574354669083152 0.8289343326411969 -0.046190609450429534
vn -0.5723428808961611 0.8094196436628581 -0.1313905138896046
vn -0.7412922352655521 0.6474546764183289 -0.17688488889398754
vn -0.2438610582689707 -0.9695996401726878 -0.020206979906260913
vn -0.2146360924013717 -0.9741350042512802 -0.07065650239735792
vn -0.8841123732182931 0.46149579480036923 -0.07325942194621278
vn -0.8795579179547558 0.4241212358427304 -0.21563637510941905
vn -0.09775897881005784 -0.9951771518573609 -0.008100523630362445
vn -0.9775318712322514 0.1946028959623302 -0.08100094819351034
vn -0.9592446260143355 0.14847043421840592 -0.24042936098907616
vn -0.9917141715780717 -0.09874228309036874 -0.08217641645460325
vn -0.9580620368665793 -0.14847051851536147 -0.24509924244444553
vn -0.9224863263227541 -0.37838602930944376 -0.07643945689878992
vn -0.8761796519697734 -0.4241211195917265 -0.22897705865520113
vn -0.19553038061885963 0.980563798545879 -0.01620207506219261
vn -0.09775897881005784 0.9951771518573609 -0.008100523630362445
vn -0.2223955483873243 0.9741350158423279 -0.0400148843228222
vn -0.7886188081452123 -0.6114001909856793 -0.06534662885183583
vn -0.7361350587459244 -0.6474544942090595 -0.19725073691529119
vn -0.3706425176845562 0.9282676693972096 -0.030712506187644602
vn -0.3936258314604513 0.9153918163152301 -0.08435951297970057
vn -0.8292029013949473 0.1484709252739266 -0.5388681960057632
vn -0.8265678989687838 -0.1484705676002527 -0.5429014633898027
vn -0.7543565109318555 -0.4241214734451856 -0.5010660936217913
vn -0.08983199332802827 0.995177153585875 -0.039403628708903765
vn -0.19735274865505734 0.974135024284434 -0.11005838023821346
vn -0.6322019301554443 -0.6474543420067642 -0.42558617755317035
vn -0.34490675287365313 0.9153916982618858 -0.2075990620772966
vn -0.4843039484015742 -0.8094198059889108 -0.3320982734606116
vn -0.49866920760989947 0.8094196327919865 -0.3101110759592451
vn -0.3286610314075863 -0.9153917026213452 -0.23246495909296988
vn -0.6436923737645899 0.6474547977540299 -0.40799805492501523
vn -0.18006424619198072 -0.9741350419591933 -0.1365202815352882
vn -0.7618840878065357 0.4241208105586715 -0.4895448649493306
vn -0.08983199332802827 -0.995177153585875 -0.039403628708903765
vn -0.5507883520603626 -0.4241206716096616 -0.718855929340504
vn -0.4597603842387487 -0.647454284830493 -0.6078020550633841
vn -0.15092350941459354 0.9741350073801183 -0.16817574647528724
vn -0.25881162501610894 0.9153916912113459 -0.3083416845283052
vn -0.3502312691774713 -0.8094197126311251 -0.4713573876523891
vn -0.37095734549536097 0.8094198719583652 -0.4552253493622022
vn -0.23537197348467725 -0.9153916695536809 -0.32658555603341255
vn -0.47633895439727625 0.6474542043737036 -0.5948985239202766
vn -0.1259798269104456 -0.9741349897988335 -0.18759025790600253
vn -0.561648251745391 0.42412078540615494 -0.7104032662493973
vn -0.07216983330805175 -0.9951771556026058 -0.06643752047597057
vn -0.6093040683144667 0.14847093767981165 -0.778912660700747
vn -0.6055021983644894 -0.14847105990597126 -0.7818717491674502
vn -0.07216983330805175 0.9951771556026058 -0.06643752047597057
vn -0.20304632667769112 0.8094195915230405 -0.5510100852809962
vn -0.25736663120777553 0.6474543308258546 -0.7173320755658467
vn -0.11657700480528728 -0.9153916673150593 -0.3853153219906834
vn -0.058243933099610935 -0.9741350250889268 -0.21833139296052695
vn -0.30054960292368643 0.42412079280278825 -0.8542783441564867
vn -0.04668776329703072 -0.9951771521753737 -0.08627101799813118
vn -0.32337815040240664 0.14847065724506223 -0.9345496432932484
vn -0.31882194358304117 -0.14847064331993784 -0.9361137945581701
vn -0.2875331403779044 -0.4241207928859625 -0.8587469046384987
vn -0.04668776329703072 0.9951771521753737 -0.08627101799813118
vn -0.0881400978631566 0.9741350149598986 -0.20806800757865554
vn -0.2374962868059334 -0.64745426225769 -0.7241536384205662
vn -0.1446706776039199 0.9153917269762737 -0.3756705754048588
vn -0.17820523821695916 -0.8094198172416361 -0.5595377132316938
vn -0.016145952209046695 0.9951771598273274 -0.09675602712636194
vn -0.016145952209046695 -0.9951771598273274 -0.09675602712636194
vn 0.0068809572585370364 0.4241208490158383 -0.9055794597147678
vn -0.287531890942507 0.4241219883156817 -0.8587467325807878
vn -0.23749622839175927 0.647454146293821 -0.7241537612597401
vn 0.010504311488159763 0.6474542971117975 -0.7620318842355797
vn -0.01614590939101544 -0.9951771612331084 -0.09675601981245822
vn -0.08814015946422056 -0.9741350370245676 -0.20806787818105488
vn -0.015804545996648305 -0.9741350438735886 -0.22541324855305514
vn 0.002409398130375525 0.1484712387111392 -0.9889137910233781
vn -0.31882122054928697 0.14847046088389607 -0.9361140697438461
vn -0.002408362004611464 -0.14847093887653634 -0.9889138385630847
vn -0.32337796882450887 -0.14847110301089939 -0.9345496353055102
vn -0.006880750427740362 -0.42412087406073556 -0.9055794495567514
vn -0.30054884495758954 -0.4241209235991879 -0.8542785458853749
vn 0.01580455168936041 0.9741350503316395 -0.22541322024511481
vn -0.05824387017400432 0.9741350318513465 -0.2183313795750167
vn -0.01614590939101544 0.9951771612331084 -0.09675601981245822
vn -0.01050430876623806 -0.6474543611571361 -0.7620318298574859
vn -0.2573661893467469 -0.6474548206787566 -0.7173317919630869
vn 0.01485111995936213 0.9153916029412216 -0.4022905138089306
vn -0.11657694634349146 0.9153917358936344 -0.3853151767564645
vn -0.01313207147373452 -0.8094195343960363 -0.5870839514387296
vn -0.20304638695236957 -0.8094195345893958 -0.5510101467039192
vn 0.01313206926335185 0.8094196321718802 -0.5870838166834451
vn -0.17820531035667542 0.8094198064947041 -0.5595377058025283
vn -0.014851111935413453 -0.9153916250047797 -0.4022904639006387
vn -0.14467063424624862 -0.9153918547010755 -0.3756702808763466
vn -0.6093040174187402 -0.14847015004038808 -0.7789128506478555
vn -0.6055026129213897 0.14847032909299368 -0.7818715668985463
vn -0.5616481282557413 -0.4241215570342799 -0.710402903207497
vn -0.1259798290233632 0.9741350061369015 -0.18759017164527303
vn -0.046687856526378024 0.995177154244892 -0.08627094367172958
vn -0.4763388579410712 -0.6474546120246751 -0.5948981574886353
vn -0.2353718922247159 0.9153917608430798 -0.3265853587213651
vn -0.3709574533330256 -0.8094198471457649 -0.4552253056050408
vn -0.3502314952481207 0.8094196244891777 -0.471357371033979
vn -0.25881156479599965 -0.9153917486391537 -0.30834156458576634
vn -0.4597596315526433 0.6474551085534147 -0.6078017469559164
vn -0.15092334280572275 -0.9741349899781792 -0.16817599679073963
vn -0.550788217215331 0.4241212854185146 -0.718855670515093
vn -0.046687856526378024 -0.995177154244892 -0.08627094367172958
vn -0.32866067512350056 0.9153917659687408 -0.23246521336319276
vn -0.180063839856874 0.9741350799037568 -0.13652054672062922
vn -0.49866903592668044 -0.8094199423895072 -0.31011054395186577
vn -0.6436923672981504 -0.6474547316451494 -0.40799817003561467
vn -0.48430410919312245 0.8094197064674857 -0.332098281538381
vn -0.34490667688653126 -0.9153916547823507 -0.20759938004223327
vn -0.6322014229546813 0.6474550857709731 -0.4255857994851076
vn -0.197352384809453 -0.9741350671459529 -0.11005865330164312
vn -0.7543569893925248 0.4241213253463544 -0.5010654986537171
vn -0.07216953572962677 -0.9951771617361556 -0.06643775185344451
vn -0.8265680137795877 0.1484710287461841 -0.5429011624775885
vn -0.829203132012416 -0.14847095367943997 -0.5388678333082404
vn -0.7618840310418754 -0.4241217360116068 -0.4895441515184137
vn -0.07216953572962677 0.9951771617361556 -0.06643775185344451
vn -0.2223953515146987 -0.9741350672817015 -0.0400147262483282
vn -0.39362610651946034 -0.9153917130081954 -0.08435935053242226
vn -0.8761798698798936 0.42412134808303664 -0.22897580159807362
vn -0.7361352058341378 0.6474546379387609 -0.1972497162054229
vn -0.08983186051079986 -0.995177167912483 -0.03940356967151403
vn -0.9580622077653513 0.14847091962009465 -0.24509833144871504
vn -0.9592447226685538 -0.1484706393436217 -0.24042884869629472
vn -0.8795579676117473 -0.42412158867385885 -0.21563547860093554
vn -0.2146358660407348 0.9741350509518658 -0.0706565461648775
vn -0.08983186051079986 0.995177167912483 -0.03940356967151403
vn -0.7412922446313267 -0.6474549826217497 -0.17688372883823691
vn -0.3863345355723437 0.9153916767369253 -0.11315345679590147
vn -0.5723430938812464 -0.8094196076942728 -0.13138980769638353
vn -0.565895498154978 0.809419692071935 -0.1568503976855119
vn -0.9019174023564784 -0.4241223355865472 0.08164094428137454
vn -0.9853371066314099 -0.14847146397447994 0.08406551421668923
vn -0.2259484263980091 0.974135055252136 0.0028640421053810934
vn -0.09775881647482763 0.9951771679166291 -0.00810050979124249
vn -0.7585617776885818 -0.647454191675979 0.07339686036298364
vn -0.4021427036042221 0.9153916837402202 0.018420403826510962
vn -0.5839947630644375 -0.8094192380883243 0.061567960221435736
vn -0.5861634662532083 0.809419340901119 0.03539380461637205
vn -0.39968991149237026 -0.9153916805928002 0.048021305195820534
vn -0.7602966017832531 0.647454277625662 0.05245984846594432
vn -0.22333820428769433 -0.974135052776453 0.03436488698898319
vn -0.9030542180957902 0.4241217284299904 0.06792524312034737
vn -0.09775881647482763 -0.9951771679166291 -0.00810050979124249
vn -0.9857349433607643 0.1484718030432522 0.07926376939457638
vn -0.5323607282136533 -0.8094194465427494 0.24785522914447083
vn -0.6936294195314336 -0.6474537624338811 0.31572433208528305
vn -0.5429109921944062 0.8094193921904639 0.22380326650990964
vn -0.37437212050450963 0.915391852202489 0.14799754156827624
vn -0.3624404330054889 -0.9153918521055512 0.17519900005868252
vn -0.7020680741678278 0.6474540083559178 0.29648562578670234
vn -0.20007837705832401 -0.9741351310885309 0.1050208998858711
vn -0.8320692685684629 0.4241211665492249 0.35746603809154753
vn -0.09509227589280887 -0.9951771669799209 0.024080394252268288
vn -0.9065883547276296 0.14847100929845583 0.3950365988995801
vn -0.904653368552487 -0.14847110181849602 0.399447887328798
vn -0.8265413059797216 -0.42412129115929564 0.3700683719189039
vn -0.21277575098071422 0.9741350964114383 0.07607426459763601
vn -0.09509227589280887 0.9951771669799209 0.024080394252268288
vn -0.6709169934083827 0.4241213619747934 0.6082692317325469
vn -0.5677595567301529 0.6474544811206195 0.5083815305638175
vn -0.08212066532216086 -0.9951771607328003 0.05365272670468828
vn -0.1551375344539096 -0.9741350132568783 0.1642964435116703
vn -0.7291990326464303 0.1484709491954505 0.6680008593052199
vn -0.7259355604934125 -0.14847133688573472 0.6715458466363096
vn -0.6615960000497317 -0.4241209029223002 0.6183948515492089
vn -0.176545563969619 0.9741350611541177 0.14104093899613776
vn -0.08212066532216086 0.9951771607328003 0.05365272670468828
vn -0.5535309407228834 -0.64745415339016 0.5238383499900241
vn -0.30603238828301355 0.9153916802302591 0.2615382363766682
vn -0.4230371686667647 -0.809419686402212 0.40728285649036583
vn -0.4408253067623949 0.809419679504127 0.38795983213378765
vn -0.2859153186428278 -0.9153918139665947 0.28339064467324515
vn -0.4249571227874993 -0.42411979674477124 0.7997085980539063
vn -0.4685527037629218 -0.14846990848470248 0.8708702831484146
vn -0.12118424506246239 0.9741349841284337 0.19072338987585552
vn -0.06025053574742689 0.9951771520865373 0.07741000521300274
vn -0.353448681614367 -0.6474547251172462 0.6751862027532974
vn -0.20453017779182497 0.9153918547447508 0.3467349977135413
vn -0.2678714180204967 -0.8094200744694807 0.5225744410641496
vn -0.29097014601743193 0.8094203454372761 0.5100736010800744
vn -0.17840709225131146 -0.915391884605267 0.36087200921275364
vn -0.3719254818874343 0.6474544556939873 0.665187314765399
vn -0.09338531615299248 -0.9741349787267897 0.20576740739962446
vn -0.4370598554409367 0.4241204021400707 0.7931586015737913
vn -0.06025053574742689 -0.9951771520865373 0.07741000521300274
vn -0.4727888620809769 0.14846937099190946 0.8685778823855934
vn -0.10958359258094674 0.8094199798061956 0.5769148399266487
vn -0.08086370693425565 0.9153919238841063 0.39435857615703673
vn -0.051566104155410755 -0.9153919010403418 0.39924754778455723
vn -0.08367779576999529 -0.8094199630855495 0.5812377739390846
vn -0.1357870723778089 0.6474543336876771 0.749909832422612
vn -0.021512981374157147 -0.9741350353482868 0.22494026882571952
vn -0.15584050392313212 0.4241203144090052 0.8920962370969797
vn -0.03185108665383244 -0.9951771462827602 0.09277906981357395
vn -0.16514601243109614 0.1484700330981741 0.9750299707444564
vn -0.1603939981467932 -0.14846974622385167 0.9758229859020087
vn -0.14226605312617122 -0.4241204653562674 0.8943613369292551
vn -0.052690827256507235 0.9741349982729898 0.2197377570257485
vn -0.03185108665383244 0.9951771462827602 0.09277906981357395
vn -0.11506505073157458 -0.6474544868414472 0.7533675872832718
vn 0 -0.9951771447553192 0.09809409032480373
vn 0.05269088449892289 -0.9741350142053551 0.2197376726686936
vn 0.16039432200271042 0.14847033859577952 0.9758228425418958
vn 0.14226731903038034 0.4241205526927656 0.8943610941445804
vn 0.16514579725104583 -0.14846974407511254 0.9750300512007757
vn 0.15584130806072968 -0.4241210282356419 0.8920957572538178
vn 0.021512996340530652 0.9741350383011849 0.2249402546064204
vn 0 0.9951771447553192 0.09809409032480373
vn 0.13578827698378085 -0.647454441510191 0.7499095212107276
vn 0.05156612457301191 0.9153919328364939 0.39924747224545887
vn 0.10958419642406628 -0.809419684339356 0.5769151397719332
vn 0.08367792268106979 0.8094199059108566 0.5812378352886546
vn 0.08086380254790172 -0.9153919694075707 0.3943584508814576
vn 0.1150658904575318 0.64745415881595 0.7533677409374163
vn 0.4370602706708393 -0.4241220989291362 0.7931574654512661
vn 0.4727894314629491 -0.14847101110499958 0.8685772921038176
vn 0.09338539258606725 0.9741349988307927 0.205767277535758
vn 0.03185116857110907 0.9951771450607945 0.09277905479849055
vn 0.3719259738908653 -0.647453893773513 0.6651875866121135
vn 0.17840745853877657 0.9153919121849845 0.3608717581690929
vn 0.29097074139866735 -0.8094195687264183 0.5100744939836228
vn 0.26787230584217514 0.809419519148254 0.5225748461078137
vn 0.20453035757956034 -0.9153918591030814 0.34673488015511433
vn 0.353449846992128 0.6474538963074311 0.6751863874646521
vn 0.1211844107009413 -0.9741349980004324 0.19072321377788123
vn 0.42495686139565503 0.4241213830834733 0.7997078956494775
vn 0.03185116857110907 -0.9951771450607945 0.09277905479849055
vn 0.4685520929927527 0.1484716715997099 0.8708703111741144
vn 0.30603283877168064 -0.9153918097704996 0.26153725585169657
vn 0.4408256097945055 -0.8094195694918878 0.3879597173327011
vn 0.5535305930512648 0.6474541054311557 0.5238387766447391
vn 0.4230376469416906 0.8094194507345943 0.40728282807226873
vn 0.1765459130480885 -0.9741350139806882 0.14104082785796887
vn 0.6615952870545221 0.424122185871296 0.6183947344528399
vn 0.0602505652678156 -0.9951771474297507 0.07741004210367679
vn 0.7259359412364446 0.14847153532843974 0.6715453911824375
vn 0.7291988811505596 -0.14847184882731604 0.6680008247259661
vn 0.6709162624655808 -0.42412176929070533 0.6082697539520913
vn 0.1551376109646214 0.9741350258460312 0.16429629662333214
vn 0.0602505652678156 0.9951771474297507 0.07741004210367679
vn 0.5677593824805636 -0.6474540690931408 0.5083822499065279
vn 0.2859157082080713 0.915391820802194 0.28339022955691556
vn 0.904653384849165 0.1484712237023873 0.399447805117595
vn 0.8265411686542427 0.4241218779098104 0.37006800617985725
vn 0.906588329427459 -0.14847104471878603 0.3950366436497269
vn 0.8320691584185158 -0.42412185662035484 0.3574654757394146
vn 0.20007875947434267 0.9741350600166554 0.10502083056972848
vn 0.08212072436070746 0.995177153872551 0.05365276358773659
vn 0.7020680420328247 -0.647454570130501 0.2964844750966299
vn 0.3624407305790002 0.9153917913651073 0.17519870181807895
vn 0.5429110014887213 -0.8094196444658279 0.2238023315681195
vn 0.5323609153357647 0.8094194591747838 0.2478547859777322
vn 0.3743724537554448 -0.9153916866543811 0.14799772252698642
vn 0.6936288471167101 0.6474545593527972 0.31572395541171533
vn 0.21277574808629285 -0.9741350831601282 0.07607444237671712
vn 0.08212072436070746 -0.995177153872551 0.05365276358773659
vn 0.23720873354808145 0.9695997614500801 0.06006928769731697
vn 0.09509234968224152 0.9951771594827915 0.02408041269731123
vn 0.7150989125946197 -0.6751601649848676 0.1810864346758168
vn 0.8599960365215898 -0.46149671921717095 0.21777877609846275
vn 0.41937598913488544 0.9015793274693693 0.10620026373327074
vn 0.5422307866673592 -0.828933956951384 0.13731084808935515
vn 0.6006736799107071 0.7848908362317265 0.15211017540582408
vn 0.3605323990064224 -0.928267647494445 0.09129930931722681
vn 0.7671074916610294 0.6114004293683462 0.19425656026432064
vn 0.19019676992725945 -0.9805638321831868 0.04816388401552076
vn 0.8973233226679815 0.37838668149515364 0.22723198248305312
vn 0.09509234968224152 -0.9951771594827915 0.02408041269731123
vn 0.9646626298116793 0.09874316492519396 0.2442863033929066
vn 0.9508673182608682 -0.19460362666595896 0.240791967373999
vn 0.4311357416994543 -0.9015795543387246 -0.03572505322106851
vn 0.38633430905411165 -0.9153917645385944 -0.1131535198860399
vn 0.5658953329567755 -0.8094197115469884 -0.15685089319774456
vn 0.6175176469498126 -0.7848909456872434 -0.05116794977084349
vn 0.7351518120598657 0.675160095967853 -0.06091517083432966
vn 0.7412925973246994 0.6474543226607977 -0.1768846664339472
vn 0.5723428749757155 0.8094197544993262 -0.13138985687937585
vn 0.5574356334313253 0.8289342547593339 -0.046189997484359493
vn 0.24386108542278823 -0.9695996292850072 -0.020207174636649224
vn 0.21463613674029497 -0.9741350025967035 -0.07065639051863588
vn 0.8841122907235326 0.4614960808752311 -0.07325861538679193
vn 0.8795577969388095 0.4241215627971139 -0.21563622565487783
vn 0.09775889764207496 -0.9951771598832443 -0.008100517176433286
vn 0.97753169614255 0.19460386527923756 -0.08100073243526802
vn 0.9592445016755765 0.14847061223841118 -0.2404297471335993
vn 0.9917141040789481 -0.09874296775774083 -0.08217640834986245
vn 0.9580618134340316 -0.1484711913899943 -0.24509970821429083
vn 0.9224859992517045 -0.3783869114642509 -0.07643903725930651
vn 0.8761797568470954 -0.4241209934449436 -0.22897689099697213
vn 0.19553030897927182 0.9805638129196519 -0.016202069711758263
vn 0.22239551896500606 0.9741350175068155 -0.0400150073257718
vn 0.09775889764207496 0.9951771598832443 -0.008100517176433286
vn 0.7886190313459851 -0.6114000003736926 -0.06534571862003515
vn 0.7361352943020847 -0.6474543128775406 -0.1972504530262349
vn 0.37064283657019437 0.9282675277980884 -0.03071293758052801
vn 0.3936260102306836 0.9153917566089477 -0.08435932670581639
vn 0.8265678868509788 -0.14847044621432742 -0.542901515035302
vn 0.8292028312757613 0.14847047635643473 -0.5388684275913322
vn 0.7543568049170364 -0.4241210241400401 -0.5010660313349568
vn 0.19735257421631758 0.9741350458804398 -0.11005850188743373
vn 0.08983192691941477 0.9951771607491815 -0.039403599190209214
vn 0.6322018024620778 -0.6474543333180038 -0.425586380458115
vn 0.3449064441304677 0.9153917890200984 -0.2075991748342465
vn 0.4843040948132115 -0.8094196824342738 -0.33209836108471696
vn 0.49866909039219304 0.8094196360246445 -0.3101112560117011
vn 0.32866087600572147 -0.9153917444277612 -0.2324650141777305
vn 0.6436924922376503 0.6474543797809851 -0.40799853129552116
vn 0.18006390651877474 -0.9741350584784567 -0.13652061167593457
vn 0.7618839851875421 0.424120879398699 -0.48954496501631306
vn 0.08983192691941477 -0.9951771607491815 -0.039403599190209214
vn 0.45976032851040904 -0.6474541887157196 -0.6078021996031853
vn 0.5507881675503562 -0.4241210248514168 -0.7188558623016887
vn 0.2588116575787633 0.9153917009743712 -0.308341628212249
vn 0.15092346005611185 0.9741349773344559 -0.16817596480558772
vn 0.35023104957395385 -0.8094197468431016 -0.47135749207451444
vn 0.37095731029366624 0.8094197409677778 -0.4552256109571867
vn 0.23537178133787778 -0.915391675652978 -0.32658567741875577
vn 0.47633886540194553 0.6474543241425028 -0.5948984648297237
vn 0.12597994563638587 -0.9741349860613466 -0.18759019758162548
vn 0.561648244646278 0.4241208098476817 -0.710403257270053
vn 0.07216958002165547 -0.9951771560624212 -0.06643778872757079
vn 0.609304303083911 0.14847093679061665 -0.7789124772218932
vn 0.6055025403401002 -0.14847071334128445 -0.7818715501421034
vn 0.07216958002165547 0.9951771560624212 -0.06643778872757079
vn 0.2573666044514271 0.6474543980932252 -0.7173320244509388
vn 0.20304624503379173 0.809419503463248 -0.551010244724167
vn 0.05824394404807876 -0.9741350212855938 -0.21833140700925266
vn 0.1165771173897348 -0.9153916141943294 -0.3853154141269201
vn 0.3005495953259215 0.42412084168584124 -0.854278322560697
vn 0.046687971908697716 -0.995177152077531 -0.08627090623094007
vn 0.32337821105572034 0.14847088124395266 -0.9345495867192098
vn 0.3188218384212698 -0.1484707849947661 -0.9361138079041029
vn 0.2875330476396494 -0.4241209965884639 -0.8587468350846267
vn 0.08814023311793848 0.9741350276072054 -0.2080678910707385
vn 0.046687971908697716 0.995177152077531 -0.08627090623094007
vn 0.2374963522138957 -0.6474542184738455 -0.7241536561155477
vn 0.14467066928838515 0.9153917090416356 -0.3756706223082717
vn 0.1782051805051841 -0.8094198258391788 -0.5595377191750242
vn 0.01614590939101544 0.9951771612331084 -0.09675601981245822
vn 0.01614590939101544 -0.9951771612331084 -0.09675601981245822
f 1/1/1 2/2/2 3/3/3
f 1/1/1 3/3/3 4/4/4
f 5/5/5 4/4/4 6/6/6
f 5/5/5 6/6/6 7/7/7
f 8/8/8 9/9/9 10/10/10
f 8/8/8 10/10/10 11/11/11
f 2/2/2 1/1/1 12/12/12
f 2/2/2 12/12/12 13/13/13
f 5/5/5 8/8/8 11/11/11
f 5/5/5 11/11/11 14/14/14
f 15/15/15 3/3/3 2/2/2
f 15/15/15 2/2/2 16/16/16
f 17/17/17 18/18/18 19/19/19
f 17/17/17 19/19/19 20/20/20
f 15/15/15 9/9/9 17/17/17
f 15/15/15 17/17/17 21/21/21
f 4/4/4 3/3/3 22/22/22
f 4/4/4 22/22/22 6/6/6
f 9/9/9 8/8/8 18/18/18
f 9/9/9 18/18/18 17/17/17
f 23/23/23 20/20/20 24/24/24
f 23/23/23 24/24/24 25/25/25
f 7/7/7 6/6/6 26/26/26
f 7/7/7 26/26/26 27/27/27
f 21/21/21 17/17/17 20/20/20
f 21/21/21 20/20/20 23/23/23
f 6/6/6 22/22/22 28/28/28
f 6/6/6 28/28/28 26/26/26
f 29/29/29 30/30/30 31/31/31
f 29/29/29 31/31/31 32/32/32
f 26/26/26 28/28/28 30/30/30
f 26/26/26 30/30/30 29/29/29
f 20/20/20 19/19/19 33/33/33
f 20/20/20 33/33/33 24/24/24
f 27/27/27 26/26/26 29/29/29
f 27/27/27 29/29/29 34/34/34
f 35/35/35 32/32/32 36/36/36
f 35/35/35 36/36/36 37/37/37
f 24/24/24 33/33/33 38/38/38
f 24/24/24 38/38/38 39/39/39
f 34/34/34 29/29/29 32/32/32
f 34/34/34 32/32/32 35/35/35
f 25/25/25 24/24/24 39/39/39
f 25/25/25 39/39/39 40/40/40
f 41/41/41 42/42/42 43/43/43
f 41/41/41 43/43/43 44/44/44
f 40/40/40 39/39/39 42/42/42
f 40/40/40 42/42/42 41/41/41
f 32/32/32 31/31/31 45/45/45
f 32/32/32 45/45/45 36/36/36
f 39/39/39 38/38/38 46/46/46
f 39/39/39 46/46/46 42/42/42
f 43/43/43 47/47/47 48/48/48
f 43/43/43 48/48/48 49/49/49
f 36/36/36 45/45/45 50/50/50
f 36/36/36 50/50/50 51/51/51
f 42/42/42 46/46/46 47/47/47
f 42/42/42 47/47/47 43/43/43
f 37/37/37 36/36/36 51/51/51
f 37/37/37 51/51/51 52/52/52
f 53/53/53 54/54/54 55/55/55
f 53/53/53 55/55/55 56/56/56
f 52/52/52 51/51/51 54/54/54
f 52/52/52 54/54/54 53/53/53
f 44/44/44 43/43/43 49/49/49
f 44/44/44 49/49/49 57/57/57
f 51/51/51 50/50/50 58/58/58
f 51/51/51 58/58/58 54/54/54
f 59/59/59 60/60/60 61/61/61
f 59/59/59 61/61/61 62/62/62
f 57/57/57 49/49/49 59/59/59
f 57/57/57 59/59/59 63/63/63
f 54/54/54 58/58/58 64/64/64
f 54/54/54 64/64/64 55/55/55
f 49/49/49 48/48/48 60/60/60
f 49/49/49 60/60/60 59/59/59
f 65/65/65 62/62/62 66/66/66
f 65/65/65 66/66/66 67/67/67
f 56/56/56 55/55/55 68/68/68
f 56/56/56 68/68/68 69/69/69
f 63/63/63 59/59/59 62/62/62
f 63/63/63 62/62/62 65/65/65
f 55/55/55 64/64/64 70/70/70
f 55/55/55 70/70/70 68/68/68
f 67/67/67 66/66/66 71/71/71
f 67/67/67 71/71/71 72/72/72
f 68/68/68 70/70/70 73/73/73
f 68/68/68 73/73/73 74/74/74
f 62/62/62 61/61/61 75/75/75
f 62/62/62 75/75/75 66/66/66
f 69/69/69 68/68/68 74/74/74
f 69/69/69 74/74/74 76/76/76
f 72/72/72 71/71/71 77/77/77
f 72/72/72 77/77/77 78/78/78
f 74/74/74 73/73/73 79/79/79
f 74/74/74 79/79/79 80/80/80
f 66/66/66 75/75/75 81/81/81
f 66/66/66 81/81/81 71/71/71
f 76/76/76 74/74/74 80/80/80
f 76/76/76 80/80/80 82/82/82
f 77/77/77 83/83/83 84/84/84
f 77/77/77 84/84/84 85/85/85
f 80/80/80 79/79/79 86/86/86
f 80/80/80 86/86/86 87/87/87
f 71/71/71 81/81/81 83/83/83
f 71/71/71 83/83/83 77/77/77
f 82/82/82 80/80/80 87/87/87
f 82/82/82 87/87/87 88/88/88
f 89/89/89 13/13/13 90/90/90
f 89/89/89 90/90/90 91/91/91
f 14/14/14 11/11/11 92/92/92
f 14/14/14 92/92/92 93/93/93
f 16/16/16 2/2/2 94/94/94
f 16/16/16 94/94/94 95/95/95
f 11/11/11 10/10/10 96/96/96
f 11/11/11 96/96/96 92/92/92
f 97/97/97 98/98/98 99/99/99
f 97/97/97 99/99/99 100/100/100
f 96/96/96 98/98/98 101/101/101
f 96/96/96 101/101/101 102/102/102
f 93/93/93 92/92/92 97/97/97
f 93/93/93 97/97/97 103/103/103
f 12/12/12 104/104/104 105/105/105
f 12/12/12 105/105/105 106/106/106
f 107/107/107 108/108/108 109/109/109
f 107/107/107 109/109/109 110/110/110
f 103/103/103 97/97/97 100/100/100
f 103/103/103 100/100/100 111/111/111
f 90/90/90 104/104/104 112/112/112
f 90/90/90 112/112/112 108/108/108
f 91/91/91 90/90/90 108/108/108
f 91/91/91 108/108/108 107/107/107
f 113/113/113 85/85/85 114/114/114
f 113/113/113 114/114/114 115/115/115
f 88/88/88 87/87/87 116/116/116
f 88/88/88 116/116/116 117/117/117
f 78/78/78 77/77/77 118/118/118
f 78/78/78 118/118/118 119/119/119
f 87/87/87 86/86/86 120/120/120
f 87/87/87 120/120/120 116/116/116
f 121/121/121 115/115/115 114/114/114
f 121/121/121 114/114/114 122/122/122
f 116/116/116 120/120/120 123/123/123
f 116/116/116 123/123/123 124/124/124
f 85/85/85 84/84/84 122/122/122
f 85/85/85 122/122/122 114/114/114
f 117/117/117 116/116/116 124/124/124
f 117/117/117 124/124/124 121/121/121
f 119/119/119 118/118/118 125/125/125
f 119/119/119 125/125/125 126/126/126
f 113/113/113 120/120/120 127/127/127
f 113/113/113 127/127/127 126/126/126
f 120/120/120 86/86/86 128/128/128
f 120/120/120 128/128/128 127/127/127
f 77/77/77 85/85/85 125/125/125
f 77/77/77 125/125/125 118/118/118
f 94/94/94 129/129/129 130/130/130
f 94/94/94 130/130/130 131/131/131
f 96/96/96 10/10/10 132/132/132
f 96/96/96 132/132/132 133/133/133
f 2/2/2 13/13/13 129/129/129
f 2/2/2 129/129/129 94/94/94
f 89/89/89 96/96/96 133/133/133
f 89/89/89 133/133/133 134/134/134
f 135/135/135 136/136/136 137/137/137
f 135/135/135 137/137/137 138/138/138
f 95/95/95 94/94/94 131/131/131
f 95/95/95 131/131/131 139/139/139
f 133/133/133 132/132/132 136/136/136
f 133/133/133 136/136/136 135/135/135
f 134/134/134 133/133/133 135/135/135
f 134/134/134 135/135/135 140/140/140
f 141/141/141 138/138/138 142/142/142
f 141/141/141 142/142/142 143/143/143
f 140/140/140 135/135/135 138/138/138
f 140/140/140 138/138/138 141/141/141
f 131/131/131 130/130/130 144/144/144
f 131/131/131 144/144/144 145/145/145
f 139/139/139 131/131/131 145/145/145
f 139/139/139 145/145/145 146/146/146
f 147/147/147 148/148/148 149/149/149
f 147/147/147 149/149/149 150/150/150
f 145/145/145 144/144/144 151/151/151
f 145/145/145 151/151/151 148/148/148
f 146/146/146 145/145/145 148/148/148
f 146/146/146 148/148/148 147/147/147
f 138/138/138 137/137/137 152/152/152
f 138/138/138 152/152/152 142/142/142
f 110/110/110 109/109/109 153/153/153
f 110/110/110 153/153/153 154/154/154
f 100/100/100 99/99/99 155/155/155
f 100/100/100 155/155/155 156/156/156
f 111/111/111 100/100/100 156/156/156
f 111/111/111 156/156/156 157/157/157
f 108/108/108 112/112/112 158/158/158
f 108/108/108 158/158/158 109/109/109
f 159/159/159 160/160/160 161/161/161
f 159/159/159 161/161/161 162/162/162
f 156/156/156 155/155/155 160/160/160
f 156/156/156 160/160/160 159/159/159
f 157/157/157 156/156/156 159/159/159
f 157/157/157 159/159/159 163/163/163
f 109/109/109 158/158/158 164/164/164
f 109/109/109 164/164/164 153/153/153
f 165/165/165 166/166/166 167/167/167
f 165/165/165 167/167/167 168/168/168
f 163/163/163 159/159/159 162/162/162
f 163/163/163 162/162/162 165/165/165
f 153/153/153 164/164/164 168/168/168
f 153/153/153 168/168/168 167/167/167
f 154/154/154 153/153/153 167/167/167
f 154/154/154 167/167/167 166/166/166
f 150/150/150 149/149/149 169/169/169
f 150/150/150 169/169/169 170/170/170
f 142/142/142 152/152/152 171/171/171
f 142/142/142 171/171/171 172/172/172
f 143/143/143 142/142/142 172/172/172
f 143/143/143 172/172/172 170/170/170
f 148/148/148 151/151/151 169/169/169
f 148/148/148 169/169/169 149/149/149
f 105/105/105 173/173/173 174/174/174
f 105/105/105 174/174/174 175/175/175
f 173/173/173 176/176/176 177/177/177
f 173/173/173 177/177/177 174/174/174
f 13/13/13 12/12/12 106/106/106
f 13/13/13 106/106/106 176/176/176
f 98/98/98 97/97/97 178/178/178
f 98/98/98 178/178/178 101/101/101
f 97/97/97 92/92/92 179/179/179
f 97/97/97 179/179/179 178/178/178
f 90/90/90 13/13/13 176/176/176
f 90/90/90 176/176/176 173/173/173
f 92/92/92 96/96/96 102/102/102
f 92/92/92 102/102/102 179/179/179
f 104/104/104 90/90/90 173/173/173
f 104/104/104 173/173/173 105/105/105
f 180/180/180 181/181/181 182/182/182
f 180/180/180 182/182/182 183/183/183
f 177/177/177 184/184/184 175/175/175
f 177/177/177 175/175/175 174/174/174
f 176/176/176 106/106/106 184/184/184
f 176/176/176 184/184/184 177/177/177
f 106/106/106 105/105/105 175/175/175
f 106/106/106 175/175/175 184/184/184
f 102/102/102 101/101/101 182/182/182
f 102/102/102 182/182/182 181/181/181
f 101/101/101 178/178/178 183/183/183
f 101/101/101 183/183/183 182/182/182
f 179/179/179 102/102/102 181/181/181
f 179/179/179 181/181/181 180/180/180
f 178/178/178 179/179/179 180/180/180
f 178/178/178 180/180/180 183/183/183
f 151/151/151 143/143/143 170/170/170
f 151/151/151 170/170/170 169/169/169
f 171/171/171 150/150/150 170/170/170
f 171/171/171 170/170/170 172/172/172
f 160/160/160 154/154/154 166/166/166
f 160/160/160 166/166/166 161/161/161
f 164/164/164 163/163/163 165/165/165
f 164/164/164 165/165/165 168/168/168
f 162/162/162 161/161/161 166/166/166
f 162/162/162 166/166/166 165/165/165
f 158/158/158 157/157/157 163/163/163
f 158/158/158 163/163/163 164/164/164
f 112/112/112 111/111/111 157/157/157
f 112/112/112 157/157/157 158/158/158
f 155/155/155 110/110/110 154/154/154
f 155/155/155 154/154/154 160/160/160
f 137/137/137 146/146/146 147/147/147
f 137/137/137 147/147/147 152/152/152
f 152/152/152 147/147/147 150/150/150
f 152/152/152 150/150/150 171/171/171
f 136/136/136 139/139/139 146/146/146
f 136/136/136 146/146/146 137/137/137
f 130/130/130 140/140/140 141/141/141
f 130/130/130 141/141/141 144/144/144
f 144/144/144 141/141/141 143/143/143
f 144/144/144 143/143/143 151/151/151
f 129/129/129 134/134/134 140/140/140
f 129/129/129 140/140/140 130/130/130
f 132/132/132 95/95/95 139/139/139
f 132/132/132 139/139/139 136/136/136
f 13/13/13 89/89/89 134/134/134
f 13/13/13 134/134/134 129/129/129
f 85/85/85 113/113/113 126/126/126
f 85/85/85 126/126/126 125/125/125
f 128/128/128 119/119/119 126/126/126
f 128/128/128 126/126/126 127/127/127
f 84/84/84 117/117/117 121/121/121
f 84/84/84 121/121/121 122/122/122
f 124/124/124 123/123/123 115/115/115
f 124/124/124 115/115/115 121/121/121
f 86/86/86 78/78/78 119/119/119
f 86/86/86 119/119/119 128/128/128
f 83/83/83 88/88/88 117/117/117
f 83/83/83 117/117/117 84/84/84
f 120/120/120 113/113/113 115/115/115
f 120/120/120 115/115/115 123/123/123
f 98/98/98 91/91/91 107/107/107
f 98/98/98 107/107/107 99/99/99
f 104/104/104 103/103/103 111/111/111
f 104/104/104 111/111/111 112/112/112
f 99/99/99 107/107/107 110/110/110
f 99/99/99 110/110/110 155/155/155
f 12/12/12 93/93/93 103/103/103
f 12/12/12 103/103/103 104/104/104
f 10/10/10 16/16/16 95/95/95
f 10/10/10 95/95/95 132/132/132
f 1/1/1 14/14/14 93/93/93
f 1/1/1 93/93/93 12/12/12
f 96/96/96 89/89/89 91/91/91
f 96/96/96 91/91/91 98/98/98
f 81/81/81 82/82/82 88/88/88
f 81/81/81 88/88/88 83/83/83
f 75/75/75 76/76/76 82/82/82
f 75/75/75 82/82/82 81/81/81
f 79/79/79 72/72/72 78/78/78
f 79/79/79 78/78/78 86/86/86
f 61/61/61 69/69/69 76/76/76
f 61/61/61 76/76/76 75/75/75
f 73/73/73 67/67/67 72/72/72
f 73/73/73 72/72/72 79/79/79
f 64/64/64 63/63/63 65/65/65
f 64/64/64 65/65/65 70/70/70
f 60/60/60 56/56/56 69/69/69
f 60/60/60 69/69/69 61/61/61
f 70/70/70 65/65/65 67/67/67
f 70/70/70 67/67/67 73/73/73
f 58/58/58 57/57/57 63/63/63
f 58/58/58 63/63/63 64/64/64
f 50/50/50 44/44/44 57/57/57
f 50/50/50 57/57/57 58/58/58
f 47/47/47 52/52/52 53/53/53
f 47/47/47 53/53/53 48/48/48
f 48/48/48 53/53/53 56/56/56
f 48/48/48 56/56/56 60/60/60
f 46/46/46 37/37/37 52/52/52
f 46/46/46 52/52/52 47/47/47
f 31/31/31 40/40/40 41/41/41
f 31/31/31 41/41/41 45/45/45
f 45/45/45 41/41/41 44/44/44
f 45/45/45 44/44/44 50/50/50
f 30/30/30 25/25/25 40/40/40
f 30/30/30 40/40/40 31/31/31
f 33/33/33 34/34/34 35/35/35
f 33/33/33 35/35/35 38/38/38
f 38/38/38 35/35/35 37/37/37
f 38/38/38 37/37/37 46/46/46
f 19/19/19 27/27/27 34/34/34
f 19/19/19 34/34/34 33/33/33
f 22/22/22 21/21/21 23/23/23
f 22/22/22 23/23/23 28/28/28
f 18/18/18 7/7/7 27/27/27
f 18/18/18 27/27/27 19/19/19
f 28/28/28 23/23/23 25/25/25
f 28/28/28 25/25/25 30/30/30
f 3/3/3 15/15/15 21/21/21
f 3/3/3 21/21/21 22/22/22
f 9/9/9 15/15/15 16/16/16
f 9/9/9 16/16/16 10/10/10
f 4/4/4 5/5/5 14/14/14
f 4/4/4 14/14/14 1/1/1
f 8/8/8 5/5/5 7/7/7
f 8/8/8 7/7/7 18/18/18
f 185/185/185 186/186/186 187/187/187
f 185/185/185 187/187/187 188/188/188
f 188/188/188 187/187/187 189/189/189
f 188/188/188 189/189/189 190/190/190
f 190/190/190 189/189/189 191/191/191
f 190/190/190 191/191/191 192/192/192
f 192/192/192 191/191/191 186/186/186
f 192/192/192 186/186/186 185/185/185
f 188/188/188 190/190/190 193/193/193
f 188/188/188 193/193/193 194/194/194
f 189/189/189 187/187/187 186/186/186
f 189/189/189 186/186/186 191/191/191
f 195/195/195 196/196/196 197/197/197
f 195/195/195 197/197/197 198/198/198
f 185/185/185 188/188/188 194/194/194
f 185/185/185 194/194/194 196/196/196
f 190/190/190 192/192/192 195/195/195
f 190/190/190 195/195/195 193/193/193
f 192/192/192 185/185/185 196/196/196
f 192/192/192 196/196/196 195/195/195
f 199/199/199 198/198/198 200/200/200
f 199/199/199 200/200/200 201/201/201
f 194/194/194 193/193/193 199/199/199
f 194/194/194 199/199/199 202/202/202
f 193/193/193 195/195/195 198/198/198
f 193/193/193 198/198/198 199/199/199
f 196/196/196 194/194/194 202/202/202
f 196/196/196 202/202/202 197/197/197
f 203/203/203 201/201/201 200/200/200
f 203/203/203 200/200/200 204/204/204
f 197/197/197 202/202/202 203/203/203
f 197/197/197 203/203/203 204/204/204
f 198/198/198 197/197/197 204/204/204
f 198/198/198 204/204/204 200/200/200
f 202/202/202 199/199/199 201/201/201
f 202/202/202 201/201/201 203/203/203
f 205/205/205 206/206/206 207/207/207
f 205/205/205 207/207/207 208/208/208
f 206/206/206 209/209/209 210/210/210
f 206/206/206 210/210/210 207/207/207
f 209/209/209 211/211/211 212/212/212
f 209/209/209 212/212/212 210/210/210
f 211/211/211 205/205/205 208/208/208
f 211/211/211 208/208/208 212/212/212
f 206/206/206 213/213/213 214/214/214
f 206/206/206 214/214/214 209/209/209
f 210/210/210 212/212/212 208/208/208
f 210/210/210 208/208/208 207/207/207
f 215/215/215 216/216/216 217/217/217
f 215/215/215 217/217/217 218/218/218
f 205/205/205 218/218/218 213/213/213
f 205/205/205 213/213/213 206/206/206
f 209/209/209 214/214/214 215/215/215
f 209/209/209 215/215/215 211/211/211
f 211/211/211 215/215/215 218/218/218
f 211/211/211 218/218/218 205/205/205
f 219/219/219 220/220/220 221/221/221
f 219/219/219 221/221/221 216/216/216
f 213/213/213 222/222/222 219/219/219
f 213/213/213 219/219/219 214/214/214
f 214/214/214 219/219/219 216/216/216
f 214/214/214 216/216/216 215/215/215
f 218/218/218 217/217/217 222/222/222
f 218/218/218 222/222/222 213/213/213
f 223/223/223 224/224/224 221/221/221
f 223/223/223 221/221/221 220/220/220
f 217/217/217 224/224/224 223/223/223
f 217/217/217 223/223/223 222/222/222
f 216/216/216 221/221/221 224/224/224
f 216/216/216 224/224/224 217/217/217
f 222/222/222 223/223/223 220/220/220
f 222/222/222 220/220/220 219/219/219
f 225/225/225 226/226/226 227/227/227
f 225/225/225 227/227/227 228/228/228
f 228/228/228 227/227/227 229/229/229
f 228/228/228 229/229/229 230/230/230
f 230/230/230 229/229/229 231/231/231
f 230/230/230 231/231/231 232/232/232
f 232/232/232 231/231/231 226/226/226
f 232/232/232 226/226/226 225/225/225
f 228/228/228 230/230/230 233/233/233
f 228/228/228 233/233/233 234/234/234
f 229/229/229 227/227/227 226/226/226
f 229/229/229 226/226/226 231/231/231
f 235/235/235 236/236/236 237/237/237
f 235/235/235 237/237/237 238/238/238
f 225/225/225 228/228/228 234/234/234
f 225/225/225 234/234/234 236/236/236
f 230/230/230 232/232/232 235/235/235
f 230/230/230 235/235/235 233/233/233
f 232/232/232 225/225/225 236/236/236
f 232/232/232 236/236/236 235/235/235
f 239/239/239 238/238/238 240/240/240
f 239/239/239 240/240/240 241/241/241
f 234/234/234 233/233/233 239/239/239
f 234/234/234 239/239/239 242/242/242
f 233/233/233 235/235/235 238/238/238
f 233/233/233 238/238/238 239/239/239
f 236/236/236 234/234/234 242/242/242
f 236/236/236 242/242/242 237/237/237
f 243/243/243 241/241/241 240/240/240
f 243/243/243 240/240/240 244/244/244
f 237/237/237 242/242/242 243/243/243
f 237/237/237 243/243/243 244/244/244
f 238/238/238 237/237/237 244/244/244
f 238/238/238 244/244/244 240/240/240
f 242/242/242 239/239/239 241/241/241
f 242/242/242 241/241/241 243/243/243
f 245/245/245 246/246/246 247/247/247
f 245/245/245 247/247/247 248/248/248
f 246/246/246 249/249/249 250/250/250
f 246/246/246 250/250/250 247/247/247
f 249/249/249 251/251/251 252/252/252
f 249/249/249 252/252/252 250/250/250
f 251/251/251 245/245/245 248/248/248
f 251/251/251 248/248/248 252/252/252
f 246/246/246 253/253/253 254/254/254
f 246/246/246 254/254/254 249/249/249
f 250/250/250 252/252/252 248/248/248
f 250/250/250 248/248/248 247/247/247
f 255/255/255 256/256/256 257/257/257
f 255/255/255 257/257/257 258/258/258
f 245/245/245 258/258/258 253/253/253
f 245/245/245 253/253/253 246/246/246
f 249/249/249 254/254/254 255/255/255
f 249/249/249 255/255/255 251/251/251
f 251/251/251 255/255/255 258/258/258
f 251/251/251 258/258/258 245/245/245
f 259/259/259 260/260/260 261/261/261
f 259/259/259 261/261/261 256/256/256
f 253/253/253 262/262/262 259/259/259
f 253/253/253 259/259/259 254/254/254
f 254/254/254 259/259/259 256/256/256
f 254/254/254 256/256/256 255/255/255
f 258/258/258 257/257/257 262/262/262
f 258/258/258 262/262/262 253/253/253
f 263/263/263 264/264/264 261/261/261
f 263/263/263 261/261/261 260/260/260
f 257/257/257 264/264/264 263/263/263
f 257/257/257 263/263/263 262/262/262
f 256/256/256 261/261/261 264/264/264
f 256/256/256 264/264/264 257/257/257
f 262/262/262 263/263/263 260/260/260
f 262/262/262 260/260/260 259/259/259
f 265/265/265 266/266/266 267/267/267
f 265/265/265 267/267/267 268/268/268
f 268/268/268 267/267/267 269/269/269
f 268/268/268 269/269/269 270/270/270
f 270/270/270 269/269/269 271/271/271
f 270/270/270 271/271/271 272/272/272
f 272/272/272 271/271/271 266/266/266
f 272/272/272 266/266/266 265/265/265
f 268/268/268 270/270/270 273/273/273
f 268/268/268 273/273/273 274/274/274
f 269/269/269 267/267/267 266/266/266
f 269/269/269 266/266/266 271/271/271
f 275/275/275 276/276/276 277/277/277
f 275/275/275 277/277/277 278/278/278
f 265/265/265 268/268/268 274/274/274
f 265/265/265 274/274/274 276/276/276
f 270/270/270 272/272/272 275/275/275
f 270/270/270 275/275/275 273/273/273
f 272/272/272 265/265/265 276/276/276
f 272/272/272 276/276/276 275/275/275
f 279/279/279 278/278/278 280/280/280
f 279/279/279 280/280/280 281/281/281
f 274/274/274 273/273/273 279/279/279
f 274/274/274 279/279/279 282/282/282
f 273/273/273 275/275/275 278/278/278
f 273/273/273 278/278/278 279/279/279
f 276/276/276 274/274/274 282/282/282
f 276/276/276 282/282/282 277/277/277
f 283/283/283 281/281/281 280/280/280
f 283/283/283 280/280/280 284/284/284
f 277/277/277 282/282/282 283/283/283
f 277/277/277 283/283/283 284/284/284
f 278/278/278 277/277/277 284/284/284
f 278/278/278 284/284/284 280/280/280
f 282/282/282 279/279/279 281/281/281
f 282/282/282 281/281/281 283/283/283
f 285/285/285 286/286/286 287/287/287
f 285/285/285 287/287/287 288/288/288
f 286/286/286 289/289/289 290/290/290
f 286/286/286 290/290/290 287/287/287
f 289/289/289 291/291/291 292/292/292
f 289/289/289 292/292/292 290/290/290
f 291/291/291 285/285/285 288/288/288
f 291/291/291 288/288/288 292/292/292
f 286/286/286 293/293/293 294/294/294
f 286/286/286 294/294/294 289/289/289
f 290/290/290 292/292/292 288/288/288
f 290/290/290 288/288/288 287/287/287
f 295/295/295 296/296/296 297/297/297
f 295/295/295 297/297/297 298/298/298
f 285/285/285 298/298/298 293/293/293
f 285/285/285 293/293/293 286/286/286
f 289/289/289 294/294/294 295/295/295
f 289/289/289 295/295/295 291/291/291
f 291/291/291 295/295/295 298/298/298
f 291/291/291 298/298/298 285/285/285
f 299/299/299 300/300/300 301/301/301
f 299/299/299 301/301/301 296/296/296
f 293/293/293 302/302/302 299/299/299
f 293/293/293 299/299/299 294/294/294
f 294/294/294 299/299/299 296/296/296
f 294/294/294 296/296/296 295/295/295
f 298/298/298 297/297/297 302/302/302
f 298/298/298 302/302/302 293/293/293
f 303/303/303 304/304/304 301/301/301
f 303/303/303 301/301/301 300/300/300
f 297/297/297 304/304/304 303/303/303
f 297/297/297 303/303/303 302/302/302
f 296/296/296 301/301/301 304/304/304
f 296/296/296 304/304/304 297/297/297
f 302/302/302 303/303/303 300/300/300
f 302/302/302 300/300/300 299/299/299
f 305/305/305 306/306/306 307/307/307
f 305/305/305 307/307/307 308/308/308
f 308/308/308 307/307/307 309/309/309
f 308/308/308 309/309/309 310/310/310
f 310/310/310 309/309/309 311/311/311
f 310/310/310 311/311/311 312/312/312
f 312/312/312 311/311/311 306/306/306
f 312/312/312 306/306/306 305/305/305
f 308/308/308 310/310/310 313/313/313
f 308/308/308 313/313/313 314/314/314
f 309/309/309 307/307/307 306/306/306
f 309/309/309 306/306/306 311/311/311
f 315/315/315 316/316/316 317/317/317
f 315/315/315 317/317/317 318/318/318
f 305/305/305 308/308/308 314/314/314
f 305/305/305 314/314/314 316/316/316
f 310/310/310 312/312/312 315/315/315
f 310/310/310 315/315/315 313/313/313
f 312/312/312 305/305/305 316/316/316
f 312/312/312 316/316/316 315/315/315
f 319/319/319 318/318/318 320/320/320
f 319/319/319 320/320/320 321/321/321
f 314/314/314 313/313/313 319/319/319
f 314/314/314 319/319/319 322/322/322
f 313/313/313 315/315/315 318/318/318
f 313/313/313 318/318/318 319/319/319
f 316/316/316 314/314/314 322/322/322
f 316/316/316 322/322/322 317/317/317
f 323/323/323 321/321/321 320/320/320
f 323/323/323 320/320/320 324/324/324
f 317/317/317 322/322/322 323/323/323
f 317/317/317 323/323/323 324/324/324
f 318/318/318 317/317/317 324/324/324
f 318/318/318 324/324/324 320/320/320
f 322/322/322 319/319/319 321/321/321
f 322/322/322 321/321/321 323/323/323
f 325/325/325 326/326/326 327/327/327
f 325/325/325 327/327/327 328/328/328
f 326/326/326 329/329/329 330/330/330
f 326/326/326 330/330/330 327/327/327
f 329/329/329 331/331/331 332/332/332
f 329/329/329 332/332/332 330/330/330
f 331/331/331 325/325/325 328/328/328
f 331/331/331 328/328/328 332/332/332
f 326/326/326 333/333/333 334/334/334
f 326/326/326 334/334/334 329/329/329
f 330/330/330 332/332/332 328/328/328
f 330/330/330 328/328/328 327/327/327
f 335/335/335 336/336/336 337/337/337
f 335/335/335 337/337/337 338/338/338
f 325/325/325 338/338/338 333/333/333
f 325/325/325 333/333/333 326/326/326
f 329/329/329 334/334/334 335/335/335
f 329/329/329 335/335/335 331/331/331
f 331/331/331 335/335/335 338/338/338
f 331/331/331 338/338/338 325/325/325
f 339/339/339 340/340/340 341/341/341
f 339/339/339 341/341/341 336/336/336
f 333/333/333 342/342/342 339/339/339
f 333/333/333 339/339/339 334/334/334
f 334/334/334 339/339/339 336/336/336
f 334/334/334 336/336/336 335/335/335
f 338/338/338 337/337/337 342/342/342
f 338/338/338 342/342/342 333/333/333
f 343/343/343 344/344/344 341/341/341
f 343/343/343 341/341/341 340/340/340
f 337/337/337 344/344/344 343/343/343
f 337/337/337 343/343/343 342/342/342
f 336/336/336 341/341/341 344/344/344
f 336/336/336 344/344/344 337/337/337
f 342/342/342 343/343/343 340/340/340
f 342/342/342 340/340/340 339/339/339
f 345/345/345 346/346/346 347/347/347
f 345/345/345 347/347/347 348/348/348
f 348/348/348 347/347/347 349/349/349
f 348/348/348 349/349/349 350/350/350
f 350/350/350 349/349/349 351/351/351
f 350/350/350 351/351/351 352/352/352
f 346/346/346 345/345/345 353/353/353
f 346/346/346 353/353/353 354/354/354
f 348/348/348 350/350/350 352/352/352
f 348/348/348 352/352/352 345/345/345
f 349/349/349 347/347/347 346/346/346
f 349/349/349 346/346/346 351/351/351
f 353/353/353 355/355/355 356/356/356
f 353/353/353 356/356/356 357/357/357
f 345/345/345 352/352/352 355/355/355
f 345/345/345 355/355/355 353/353/353
f 351/351/351 346/346/346 354/354/354
f 351/351/351 354/354/354 358/358/358
f 352/352/352 351/351/351 358/358/358
f 352/352/352 358/358/358 355/355/355
f 359/359/359 360/360/360 361/361/361
f 359/359/359 361/361/361 362/362/362
f 354/354/354 353/353/353 362/362/362
f 354/354/354 362/362/362 361/361/361
f 358/358/358 354/354/354 361/361/361
f 358/358/358 361/361/361 360/360/360
f 355/355/355 358/358/358 360/360/360
f 355/355/355 360/360/360 359/359/359
f 356/356/356 363/363/363 364/364/364
f 356/356/356 364/364/364 365/365/365
f 362/362/362 353/353/353 357/357/357
f 362/362/362 357/357/357 366/366/366
f 355/355/355 359/359/359 363/363/363
f 355/355/355 363/363/363 356/356/356
f 359/359/359 362/362/362 366/366/366
f 359/359/359 366/366/366 363/363/363
f 365/365/365 364/364/364 367/367/367
f 365/365/365 367/367/367 368/368/368
f 357/357/357 356/356/356 365/365/365
f 357/357/357 365/365/365 369/369/369
f 366/366/366 357/357/357 369/369/369
f 366/366/366 369/369/369 370/370/370
f 363/363/363 366/366/366 370/370/370
f 363/363/363 370/370/370 364/364/364
f 371/371/371 368/368/368 367/367/367
f 371/371/371 367/367/367 372/372/372
f 369/369/369 365/365/365 368/368/368
f 369/369/369 368/368/368 371/371/371
f 370/370/370 369/369/369 371/371/371
f 370/370/370 371/371/371 372/372/372
f 364/364/364 370/370/370 372/372/372
f 364/364/364 372/372/372 367/367/367
f 373/373/373 374/374/374 375/375/375
f 373/373/373 375/375/375 376/376/376
f 374/374/374 377/377/377 378/378/378
f 374/374/374 378/378/378 375/375/375
f 377/377/377 379/379/379 380/380/380
f 377/377/377 380/380/380 378/378/378
f 376/376/376 381/381/381 382/382/382
f 376/376/376 382/382/382 373/373/373
f 374/374/374 373/373/373 379/379/379
f 374/374/374 379/379/379 377/377/377
f 378/378/378 380/380/380 376/376/376
f 378/378/378 376/376/376 375/375/375
f 382/382/382 383/383/383 384/384/384
f 382/382/382 384/384/384 385/385/385
f 373/373/373 382/382/382 385/385/385
f 373/373/373 385/385/385 379/379/379
f 380/380/380 386/386/386 381/381/381
f 380/380/380 381/381/381 376/376/376
f 379/379/379 385/385/385 386/386/386
f 379/379/379 386/386/386 380/380/380
f 387/387/387 388/388/388 389/389/389
f 387/387/387 389/389/389 390/390/390
f 381/381/381 389/389/389 388/388/388
f 381/381/381 388/388/388 382/382/382
f 386/386/386 390/390/390 389/389/389
f 386/386/386 389/389/389 381/381/381
f 385/385/385 387/387/387 390/390/390
f 385/385/385 390/390/390 386/386/386
f 384/384/384 391/391/391 392/392/392
f 384/384/384 392/392/392 393/393/393
f 388/388/388 394/394/394 383/383/383
f 388/388/388 383/383/383 382/382/382
f 385/385/385 384/384/384 393/393/393
f 385/385/385 393/393/393 387/387/387
f 387/387/387 393/393/393 394/394/394
f 387/387/387 394/394/394 388/388/388
f 391/391/391 395/395/395 396/396/396
f 391/391/391 396/396/396 392/392/392
f 383/383/383 397/397/397 391/391/391
f 383/383/383 391/391/391 384/384/384
f 394/394/394 398/398/398 397/397/397
f 394/394/394 397/397/397 383/383/383
f 393/393/393 392/392/392 398/398/398
f 393/393/393 398/398/398 394/394/394
f 399/399/399 400/400/400 396/396/396
f 399/399/399 396/396/396 395/395/395
f 397/397/397 399/399/399 395/395/395
f 397/397/397 395/395/395 391/391/391
f 398/398/398 400/400/400 399/399/399
f 398/398/398 399/399/399 397/397/397
f 392/392/392 396/396/396 400/400/400
f 392/392/392 400/400/400 398/398/398
f 401/401/401 402/402/402 403/403/403
f 401/401/401 403/403/403 404/404/404
f 404/404/404 403/403/403 405/405/405
f 404/404/404 405/405/405 406/406/406
f 406/406/406 405/405/405 407/407/407
f 406/406/406 407/407/407 408/408/408
f 402/402/402 401/401/401 409/409/409
f 402/402/402 409/409/409 410/410/410
f 404/404/404 406/406/406 408/408/408
f 404/404/404 408/408/408 401/401/401
f 405/405/405 403/403/403 402/402/402
f 405/405/405 402/402/402 407/407/407
f 409/409/409 411/411/411 412/412/412
f 409/409/409 412/412/412 413/413/413
f 401/401/401 408/408/408 411/411/411
f 401/401/401 411/411/411 409/409/409
f 407/407/407 402/402/402 410/410/410
f 407/407/407 410/410/410 414/414/414
f 408/408/408 407/407/407 414/414/414
f 408/408/408 414/414/414 411/411/411
f 415/415/415 416/416/416 417/417/417
f 415/415/415 417/417/417 418/418/418
f 410/410/410 409/409/409 418/418/418
f 410/410/410 418/418/418 417/417/417
f 414/414/414 410/410/410 417/417/417
f 414/414/414 417/417/417 416/416/416
f 411/411/411 414/414/414 416/416/416
f 411/411/411 416/416/416 415/415/415
f 412/412/412 419/419/419 420/420/420
f 412/412/412 420/420/420 421/421/421
f 418/418/418 409/409/409 413/413/413
f 418/418/418 413/413/413 422/422/422
f 411/411/411 415/415/415 419/419/419
f 411/411/411 419/419/419 412/412/412
f 415/415/415 418/418/418 422/422/422
f 415/415/415 422/422/422 419/419/419
f 421/421/421 420/420/420 423/423/423
f 421/421/421 423/423/423 424/424/424
f 413/413/413 412/412/412 421/421/421
f 413/413/413 421/421/421 425/425/425
f 422/422/422 413/413/413 425/425/425
f 422/422/422 425/425/425 426/426/426
f 419/419/419 422/422/422 426/426/426
f 419/419/419 426/426/426 420/420/420
f 427/427/427 424/424/424 423/423/423
f 427/427/427 423/423/423 428/428/428
f 425/425/425 421/421/421 424/424/424
f 425/425/425 424/424/424 427/427/427
f 426/426/426 425/425/425 427/427/427
f 426/426/426 427/427/427 428/428/428
f 420/420/420 426/426/426 428/428/428
f 420/420/420 428/428/428 423/423/423
f 429/429/429 430/430/430 431/431/431
f 429/429/429 431/431/431 432/432/432
f 430/430/430 433/433/433 434/434/434
f 430/430/430 434/434/434 431/431/431
f 433/433/433 435/435/435 436/436/436
f 433/433/433 436/436/436 434/434/434
f 432/432/432 437/437/437 438/438/438
f 432/432/432 438/438/438 429/429/429
f 430/430/430 429/429/429 435/435/435
f 430/430/430 435/435/435 433/433/433
f 434/434/434 436/436/436 432/432/432
f 434/434/434 432/432/432 431/431/431
f 438/438/438 439/439/439 440/440/440
f 438/438/438 440/440/440 441/441/441
f 429/429/429 438/438/438 441/441/441
f 429/429/429 441/441/441 435/435/435
f 436/436/436 442/442/442 437/437/437
f 436/436/436 437/437/437 432/432/432
f 435/435/435 441/441/441 442/442/442
f 435/435/435 442/442/442 436/436/436
f 443/443/443 444/444/444 445/445/445
f 443/443/443 445/445/445 446/446/446
f 437/437/437 445/445/445 444/444/444
f 437/437/437 444/444/444 438/438/438
f 442/442/442 446/446/446 445/445/445
f 442/442/442 445/445/445 437/437/437
f 441/441/441 443/443/443 446/446/446
f 441/441/441 446/446/446 442/442/442
f 440/440/440 447/447/447 448/448/448
f 440/440/440 448/448/448 449/449/449
f 444/444/444 450/450/450 439/439/439
f 444/444/444 439/439/439 438/438/438
f 441/441/441 440/440/440 449/449/449
f 441/441/441 449/449/449 443/443/443
f 443/443/443 449/449/449 450/450/450
f 443/443/443 450/450/450 444/444/444
f 447/447/447 451/451/451 452/452/452
f 447/447/447 452/452/452 448/448/448
f 439/439/439 453/453/453 447/447/447
f 439/439/439 447/447/447 440/440/440
f 450/450/450 454/454/454 453/453/453
f 450/450/450 453/453/453 439/439/439
f 449/449/449 448/448/448 454/454/454
f 449/449/449 454/454/454 450/450/450
f 455/455/455 456/456/456 452/452/452
f 455/455/455 452/452/452 451/451/451
f 453/453/453 455/455/455 451/451/451
f 453/453/453 451/451/451 447/447/447
f 454/454/454 456/456/456 455/455/455
f 454/454/454 455/455/455 453/453/453
f 448/448/448 452/452/452 456/456/456
f 448/448/448 456/456/456 454/454/454
f 457/457/457 458/458/458 459/459/459
f 457/457/457 459/459/459 460/460/460
f 460/460/460 459/459/459 461/461/461
f 460/460/460 461/461/461 462/462/462
f 462/462/462 461/461/461 463/463/463
f 462/462/462 463/463/463 464/464/464
f 458/458/458 457/457/457 465/465/465
f 458/458/458 465/465/465 466/466/466
f 460/460/460 462/462/462 464/464/464
f 460/460/460 464/464/464 457/457/457
f 461/461/461 459/459/459 458/458/458
f 461/461/461 458/458/458 463/463/463
f 465/465/465 467/467/467 468/468/468
f 465/465/465 468/468/468 469/469/469
f 457/457/457 464/464/464 467/467/467
f 457/457/457 467/467/467 465/465/465
f 463/463/463 458/458/458 466/466/466
f 463/463/463 466/466/466 470/470/470
f 464/464/464 463/463/463 470/470/470
f 464/464/464 470/470/470 467/467/467
f 471/471/471 472/472/472 473/473/473
f 471/471/471 473/473/473 474/474/474
f 466/466/466 465/465/465 474/474/474
f 466/466/466 474/474/474 473/473/473
f 470/470/470 466/466/466 473/473/473
f 470/470/470 473/473/473 472/472/472
f 467/467/467 470/470/470 472/472/472
f 467/467/467 472/472/472 471/471/471
f 468/468/468 475/475/475 476/476/476
f 468/468/468 476/476/476 477/477/477
f 474/474/474 465/465/465 469/469/469
f 474/474/474 469/469/469 478/478/478
f 467/467/467 471/471/471 475/475/475
f 467/467/467 475/475/475 468/468/468
f 471/471/471 474/474/474 478/478/478
f 471/471/471 478/478/478 475/475/475
f 477/477/477 476/476/476 479/479/479
f 477/477/477 479/479/479 480/480/480
f 469/469/469 468/468/468 477/477/477
f 469/469/469 477/477/477 481/481/481
f 478/478/478 469/469/469 481/481/481
f 478/478/478 481/481/481 482/482/482
f 475/475/475 478/478/478 482/482/482
f 475/475/475 482/482/482 476/476/476
f 483/483/483 480/480/480 479/479/479
f 483/483/483 479/479/479 484/484/484
f 481/481/481 477/477/477 480/480/480
f 481/481/481 480/480/480 483/483/483
f 482/482/482 481/481/481 483/483/483
f 482/482/482 483/483/483 484/484/484
f 476/476/476 482/482/482 484/484/484
f 476/476/476 484/484/484 479/479/479
f 485/485/485 486/486/486 487/487/487
f 485/485/485 487/487/487 488/488/488
f 486/486/486 489/489/489 490/490/490
f 486/486/486 490/490/490 487/487/487
f 489/489/489 491/491/491 492/492/492
f 489/489/489 492/492/492 490/490/490
f 488/488/488 493/493/493 494/494/494
f 488/488/488 494/494/494 485/485/485
f 486/486/486 485/485/485 491/491/491
f 486/486/486 491/491/491 489/489/489
f 490/490/490 492/492/492 488/488/488
f 490/490/490 488/488/488 487/487/487
f 494/494/494 495/495/495 496/496/496
f 494/494/494 496/496/496 497/497/497
f 485/485/485 494/494/494 497/497/497
f 485/485/485 497/497/497 491/491/491
f 492/492/492 498/498/498 493/493/493
f 492/492/492 493/493/493 488/488/488
f 491/491/491 497/497/497 498/498/498
f 491/491/491 498/498/498 492/492/492
f 499/499/499 500/500/500 501/501/501
f 499/499/499 501/501/501 502/502/502
f 493/493/493 501/501/501 500/500/500
f 493/493/493 500/500/500 494/494/494
f 498/498/498 502/502/502 501/501/501
f 498/498/498 501/501/501 493/493/493
f 497/497/497 499/499/499 502/502/502
f 497/497/497 502/502/502 498/498/498
f 496/496/496 503/503/503 504/504/504
f 496/496/496 504/504/504 505/505/505
f 500/500/500 506/506/506 495/495/495
f 500/500/500 495/495/495 494/494/494
f 497/497/497 496/496/496 505/505/505
f 497/497/497 505/505/505 499/499/499
f 499/499/499 505/505/505 506/506/506
f 499/499/499 506/506/506 500/500/500
f 503/503/503 507/507/507 508/508/508
f 503/503/503 508/508/508 504/504/504
f 495/495/495 509/509/509 503/503/503
f 495/495/495 503/503/503 496/496/496
f 506/506/506 510/510/510 509/509/509
f 506/506/506 509/509/509 495/495/495
f 505/505/505 504/504/504 510/510/510
f 505/505/505 510/510/510 506/506/506
f 511/511/511 512/512/512 508/508/508
f 511/511/511 508/508/508 507/507/507
f 509/509/509 511/511/511 507/507/507
f 509/509/509 507/507/507 503/503/503
f 510/510/510 512/512/512 511/511/511
f 510/510/510 511/511/511 509/509/509
f 504/504/504 508/508/508 512/512/512
f 504/504/504 512/512/512 510/510/510
f 513/513/513 514/514/514 515/515/515
f 513/513/513 515/515/515 516/516/516
f 516/516/516 515/515/515 517/517/517
f 516/516/516 517/517/517 518/518/518
f 518/518/518 517/517/517 519/519/519
f 518/518/518 519/519/519 520/520/520
f 514/514/514 513/513/513 521/521/521
f 514/514/514 521/521/521 522/522/522
f 516/516/516 518/518/518 520/520/520
f 516/516/516 520/520/520 513/513/513
f 517/517/517 515/515/515 514/514/514
f 517/517/517 514/514/514 519/519/519
f 521/521/521 523/523/523 524/524/524
f 521/521/521 524/524/524 525/525/525
f 513/513/513 520/520/520 523/523/523
f 513/513/513 523/523/523 521/521/521
f 519/519/519 514/514/514 522/522/522
f 519/519/519 522/522/522 526/526/526
f 520/520/520 519/519/519 526/526/526
f 520/520/520 526/526/526 523/523/523
f 527/527/527 528/528/528 529/529/529
f 527/527/527 529/529/529 530/530/530
f 522/522/522 521/521/521 530/530/530
f 522/522/522 530/530/530 529/529/529
f 526/526/526 522/522/522 529/529/529
f 526/526/526 529/529/529 528/528/528
f 523/523/523 526/526/526 528/528/528
f 523/523/523 528/528/528 527/527/527
f 524/524/524 531/531/531 532/532/532
f 524/524/524 532/532/532 533/533/533
f 530/530/530 521/521/521 525/525/525
f 530/530/530 525/525/525 534/534/534
f 523/523/523 527/527/527 531/531/531
f 523/523/523 531/531/531 524/524/524
f 527/527/527 530/530/530 534/534/534
f 527/527/527 534/534/534 531/531/531
f 533/533/533 532/532/532 535/535/535
f 533/533/533 535/535/535 536/536/536
f 525/525/525 524/524/524 533/533/533
f 525/525/525 533/533/533 537/537/537
f 534/534/534 525/525/525 537/537/537
f 534/534/534 537/537/537 538/538/538
f 531/531/531 534/534/534 538/538/538
f 531/531/531 538/538/538 532/532/532
f 539/539/539 536/536/536 535/535/535
f 539/539/539 535/535/535 540/540/540
f 537/537/537 533/533/533 536/536/536
f 537/537/537 536/536/536 539/539/539
f 538/538/538 537/537/537 539/539/539
f 538/538/538 539/539/539 540/540/540
f 532/532/532 538/538/538 540/540/540
f 532/532/532 540/540/540 535/535/535
f 541/541/541 542/542/542 543/543/543
f 541/541/541 543/543/543 544/544/544
f 542/542/542 545/545/545 546/546/546
f 542/542/542 546/546/546 543/543/543
f 545/545/545 547/547/547 548/548/548
f 545/545/545 548/548/548 546/546/546
f 544/544/544 549/549/549 550/550/550
f 544/544/544 550/550/550 541/541/541
f 542/542/542 541/541/541 547/547/547
f 542/542/542 547/547/547 545/545/545
f 546/546/546 548/548/548 544/544/544
f 546/546/546 544/544/544 543/543/543
f 550/550/550 551/551/551 552/552/552
f 550/550/550 552/552/552 553/553/553
f 541/541/541 550/550/550 553/553/553
f 541/541/541 553/553/553 547/547/547
f 548/548/548 554/554/554 549/549/549
f 548/548/548 549/549/549 544/544/544
f 547/547/547 553/553/553 554/554/554
f 547/547/547 554/554/554 548/548/548
f 555/555/555 556/556/556 557/557/557
f 555/555/555 557/557/557 558/558/558
f 549/549/549 557/557/557 556/556/556
f 549/549/549 556/556/556 550/550/550
f 554/554/554 558/558/558 557/557/557
f 554/554/554 557/557/557 549/549/549
f 553/553/553 555/555/555 558/558/558
f 553/553/553 558/558/558 554/554/554
f 552/552/552 559/559/559 560/560/560
f 552/552/552 560/560/560 561/561/561
f 556/556/556 562/562/562 551/551/551
f 556/556/556 551/551/551 550/550/550
f 553/553/553 552/552/552 561/561/561
f 553/553/553 561/561/561 555/555/555
f 555/555/555 561/561/561 562/562/562
f 555/555/555 562/562/562 556/556/556
f 559/559/559 563/563/563 564/564/564
f 559/559/559 564/564/564 560/560/560
f 551/551/551 565/565/565 559/559/559
f 551/551/551 559/559/559 552/552/552
f 562/562/562 566/566/566 565/565/565
f 562/562/562 565/565/565 551/551/551
f 561/561/561 560/560/560 566/566/566
f 561/561/561 566/566/566 562/562/562
f 567/567/567 568/568/568 564/564/564
f 567/567/567 564/564/564 563/563/563
f 565/565/565 567/567/567 563/563/563
f 565/565/565 563/563/563 559/559/559
f 566/566/566 568/568/568 567/567/567
f 566/566/566 567/567/567 565/565/565
f 560/560/560 564/564/564 568/568/568
f 560/560/560 568/568/568 566/566/566
f 569/569/569 570/570/570 571/571/571
f 569/569/569 571/571/571 572/572/572
f 572/572/572 571/571/571 573/573/573
f 572/572/572 573/573/573 574/574/574
f 574/574/574 573/573/573 575/575/575
f 574/574/574 575/575/575 576/576/576
f 570/570/570 569/569/569 577/577/577
f 570/570/570 577/577/577 578/578/578
f 572/572/572 574/574/574 576/576/576
f 572/572/572 576/576/576 569/569/569
f 573/573/573 571/571/571 570/570/570
f 573/573/573 570/570/570 575/575/575
f 577/577/577 579/579/579 580/580/580
f 577/577/577 580/580/580 581/581/581
f 569/569/569 576/576/576 579/579/579
f 569/569/569 579/579/579 577/577/577
f 575/575/575 570/570/570 578/578/578
f 575/575/575 578/578/578 582/582/582
f 576/576/576 575/575/575 582/582/582
f 576/576/576 582/582/582 579/579/579
f 583/583/583 584/584/584 585/585/585
f 583/583/583 585/585/585 586/586/586
f 578/578/578 577/577/577 586/586/586
f 578/578/578 586/586/586 585/585/585
f 582/582/582 578/578/578 585/585/585
f 582/582/582 585/585/585 584/584/584
f 579/579/579 582/582/582 584/584/584
f 579/579/579 584/584/584 583/583/583
f 580/580/580 587/587/587 588/588/588
f 580/580/580 588/588/588 589/589/589
f 586/586/586 577/577/577 581/581/581
f 586/586/586 581/581/581 590/590/590
f 579/579/579 583/583/583 587/587/587
f 579/579/579 587/587/587 580/580/580
f 583/583/583 586/586/586 590/590/590
f 583/583/583 590/590/590 587/587/587
f 589/589/589 588/588/588 591/591/591
f 589/589/589 591/591/591 592/592/592
f 581/581/581 580/580/580 589/589/589
f 581/581/581 589/589/589 593/593/593
f 590/590/590 581/581/581 593/593/593
f 590/590/590 593/593/593 594/594/594
f 587/587/587 590/590/590 594/594/594
f 587/587/587 594/594/594 588/588/588
f 595/595/595 592/592/592 591/591/591
f 595/595/595 591/591/591 596/596/596
f 593/593/593 589/589/589 592/592/592
f 593/593/593 592/592/592 595/595/595
f 594/594/594 593/593/593 595/595/595
f 594/594/594 595/595/595 596/596/596
f 588/588/588 594/594/594 596/596/596
f 588/588/588 596/596/596 591/591/591
f 597/597/597 598/598/598 599/599/599
f 597/597/597 599/599/599 600/600/600
f 598/598/598 601/601/601 602/602/602
f 598/598/598 602/602/602 599/599/599
f 601/601/601 603/603/603 604/604/604
f 601/601/601 604/604/604 602/602/602
f 600/600/600 605/605/605 606/606/606
f 600/600/600 606/606/606 597/597/597
f 598/598/598 597/597/597 603/603/603
f 598/598/598 603/603/603 601/601/601
f 602/602/602 604/604/604 600/600/600
f 602/602/602 600/600/600 599/599/599
f 606/606/606 607/607/607 608/608/608
f 606/606/606 608/608/608 609/609/609
f 597/597/597 606/606/606 609/609/609
f 597/597/597 609/609/609 603/603/603
f 604/604/604 610/610/610 605/605/605
f 604/604/604 605/605/605 600/600/600
f 603/603/603 609/609/609 610/610/610
f 603/603/603 610/610/610 604/604/604
f 611/611/611 612/612/612 613/613/613
f 611/611/611 613/613/613 614/614/614
f 605/605/605 613/613/613 612/612/612
f 605/605/605 612/612/612 606/606/606
f 610/610/610 614/614/614 613/613/613
f 610/610/610 613/613/613 605/605/605
f 609/609/609 611/611/611 614/614/614
f 609/609/609 614/614/614 610/610/610
f 608/608/608 615/615/615 616/616/616
f 608/608/608 616/616/616 617/617/617
f 612/612/612 618/618/618 607/607/607
f 612/612/612 607/607/607 606/606/606
f 609/609/609 608/608/608 617/617/617
f 609/609/609 617/617/617 611/611/611
f 611/611/611 617/617/617 618/618/618
f 611/611/611 618/618/618 612/612/612
f 615/615/615 619/619/619 620/620/620
f 615/615/615 620/620/620 616/616/616
f 607/607/607 621/621/621 615/615/615
f 607/607/607 615/615/615 608/608/608
f 618/618/618 622/622/622 621/621/621
f 618/618/618 621/621/621 607/607/607
f 617/617/617 616/616/616 622/622/622
f 617/617/617 622/622/622 618/618/618
f 623/623/623 624/624/624 620/620/620
f 623/623/623 620/620/620 619/619/619
f 621/621/621 623/623/623 619/619/619
f 621/621/621 619/619/619 615/615/615
f 622/622/622 624/624/624 623/623/623
f 622/622/622 623/623/623 621/621/621
f 616/616/616 620/620/620 624/624/624
f 616/616/616 624/624/624 622/622/622
f 625/625/625 626/626/626 627/627/627
f 625/625/625 627/627/627 628/628/628
f 628/628/628 627/627/627 629/629/629
f 628/628/628 629/629/629 630/630/630
f 630/630/630 629/629/629 631/631/631
f 630/630/630 631/631/631 632/632/632
f 626/626/626 625/625/625 633/633/633
f 626/626/626 633/633/633 634/634/634
f 628/628/628 630/630/630 632/632/632
f 628/628/628 632/632/632 625/625/625
f 629/629/629 627/627/627 626/626/626
f 629/629/629 626/626/626 631/631/631
f 633/633/633 635/635/635 636/636/636
f 633/633/633 636/636/636 637/637/637
f 625/625/625 632/632/632 635/635/635
f 625/625/625 635/635/635 633/633/633
f 631/631/631 626/626/626 634/634/634
f 631/631/631 634/634/634 638/638/638
f 632/632/632 631/631/631 638/638/638
f 632/632/632 638/638/638 635/635/635
f 639/639/639 640/640/640 641/641/641
f 639/639/639 641/641/641 642/642/642
f 634/634/634 633/633/633 642/642/642
f 634/634/634 642/642/642 641/641/641
f 638/638/638 634/634/634 641/641/641
f 638/638/638 641/641/641 640/640/640
f 635/635/635 638/638/638 640/640/640
f 635/635/635 640/640/640 639/639/639
f 636/636/636 643/643/643 644/644/644
f 636/636/636 644/644/644 645/645/645
f 642/642/642 633/633/633 637/637/637
f 642/642/642 637/637/637 646/646/646
f 635/635/635 639/639/639 643/643/643
f 635/635/635 643/643/643 636/636/636
f 639/639/639 642/642/642 646/646/646
f 639/639/639 646/646/646 643/643/643
f 645/645/645 644/644/644 647/647/647
f 645/645/645 647/647/647 648/648/648
f 637/637/637 636/636/636 645/645/645
f 637/637/637 645/645/645 649/649/649
f 646/646/646 637/637/637 649/649/649
f 646/646/646 649/649/649 650/650/650
f 643/643/643 646/646/646 650/650/650
f 643/643/643 650/650/650 644/644/644
f 651/651/651 648/648/648 647/647/647
f 651/651/651 647/647/647 652/652/652
f 649/649/649 645/645/645 648/648/648
f 649/649/649 648/648/648 651/651/651
f 650/650/650 649/649/649 651/651/651
f 650/650/650 651/651/651 652/652/652
f 644/644/644 650/650/650 652/652/652
f 644/644/644 652/652/652 647/647/647
f 653/653/653 654/654/654 655/655/655
f 653/653/653 655/655/655 656/656/656
f 654/654/654 657/657/657 658/658/658
f 654/654/654 658/658/658 655/655/655
f 657/657/657 659/659/659 660/660/660
f 657/657/657 660/660/660 658/658/658
f 656/656/656 661/661/661 662/662/662
f 656/656/656 662/662/662 653/653/653
f 654/654/654 653/653/653 659/659/659
f 654/654/654 659/659/659 657/657/657
f 658/658/658 660/660/660 656/656/656
f 658/658/658 656/656/656 655/655/655
f 662/662/662 663/663/663 664/664/664
f 662/662/662 664/664/664 665/665/665
f 653/653/653 662/662/662 665/665/665
f 653/653/653 665/665/665 659/659/659
f 660/660/660 666/666/666 661/661/661
f 660/660/660 661/661/661 656/656/656
f 659/659/659 665/665/665 666/666/666
f 659/659/659 666/666/666 660/660/660
f 667/667/667 668/668/668 669/669/669
f 667/667/667 669/669/669 670/670/670
f 661/661/661 669/669/669 668/668/668
f 661/661/661 668/668/668 662/662/662
f 666/666/666 670/670/670 669/669/669
f 666/666/666 669/669/669 661/661/661
f 665/665/665 667/667/667 670/670/670
f 665/665/665 670/670/670 666/666/666
f 664/664/664 671/671/671 672/672/672
f 664/664/664 672/672/672 673/673/673
f 668/668/668 674/674/674 663/663/663
f 668/668/668 663/663/663 662/662/662
f 665/665/665 664/664/664 673/673/673
f 665/665/665 673/673/673 667/667/667
f 667/667/667 673/673/673 674/674/674
f 667/667/667 674/674/674 668/668/668
f 671/671/671 675/675/675 676/676/676
f 671/671/671 676/676/676 672/672/672
f 663/663/663 677/677/677 671/671/671
f 663/663/663 671/671/671 664/664/664
f 674/674/674 678/678/678 677/677/677
f 674/674/674 677/677/677 663/663/663
f 673/673/673 672/672/672 678/678/678
f 673/673/673 678/678/678 674/674/674
f 679/679/679 680/680/680 676/676/676
f 679/679/679 676/676/676 675/675/675
f 677/677/677 679/679/679 675/675/675
f 677/677/677 675/675/675 671/671/671
f 678/678/678 680/680/680 679/679/679
f 678/678/678 679/679/679 677/677/677
f 672/672/672 676/676/676 680/680/680
f 672/672/672 680/680/680 678/678/678
f 681/681/681 682/682/682 683/683/683
f 681/681/681 683/683/683 684/684/684
f 684/684/684 683/683/683 685/685/685
f 684/684/684 685/685/685 686/686/686
f 686/686/686 685/685/685 687/687/687
f 686/686/686 687/687/687 688/688/688
f 688/688/688 687/687/687 682/682/682
f 688/688/688 682/682/682 681/681/681
f 688/688/688 681/681/681 689/689/689
f 688/688/688 689/689/689 690/690/690
f 685/685/685 683/683/683 682/682/682
f 685/685/685 682/682/682 687/687/687
f 691/691/691 690/690/690 692/692/692
f 691/691/691 692/692/692 693/693/693
f 684/684/684 686/686/686 691/691/691
f 684/684/684 691/691/691 694/694/694
f 681/681/681 684/684/684 694/694/694
f 681/681/681 694/694/694 689/689/689
f 686/686/686 688/688/688 690/690/690
f 686/686/686 690/690/690 691/691/691
f 692/692/692 695/695/695 696/696/696
f 692/692/692 696/696/696 697/697/697
f 689/689/689 694/694/694 698/698/698
f 689/689/689 698/698/698 695/695/695
f 690/690/690 689/689/689 695/695/695
f 690/690/690 695/695/695 692/692/692
f 694/694/694 691/691/691 693/693/693
f 694/694/694 693/693/693 698/698/698
f 699/699/699 697/697/697 700/700/700
f 699/699/699 700/700/700 701/701/701
f 698/698/698 693/693/693 699/699/699
f 698/698/698 699/699/699 702/702/702
f 693/693/693 692/692/692 697/697/697
f 693/693/693 697/697/697 699/699/699
f 695/695/695 698/698/698 702/702/702
f 695/695/695 702/702/702 696/696/696
f 700/700/700 703/703/703 704/704/704
f 700/700/700 704/704/704 705/705/705
f 696/696/696 702/702/702 706/706/706
f 696/696/696 706/706/706 703/703/703
f 697/697/697 696/696/696 703/703/703
f 697/697/697 703/703/703 700/700/700
f 702/702/702 699/699/699 701/701/701
f 702/702/702 701/701/701 706/706/706
f 707/707/707 705/705/705 708/708/708
f 707/707/707 708/708/708 709/709/709
f 706/706/706 701/701/701 707/707/707
f 706/706/706 707/707/707 710/710/710
f 701/701/701 700/700/700 705/705/705
f 701/701/701 705/705/705 707/707/707
f 703/703/703 706/706/706 710/710/710
f 703/703/703 710/710/710 704/704/704
f 708/708/708 711/711/711 712/712/712
f 708/708/708 712/712/712 713/713/713
f 704/704/704 710/710/710 714/714/714
f 704/704/704 714/714/714 711/711/711
f 705/705/705 704/704/704 711/711/711
f 705/705/705 711/711/711 708/708/708
f 710/710/710 707/707/707 709/709/709
f 710/710/710 709/709/709 714/714/714
f 715/715/715 716/716/716 717/717/717
f 715/715/715 717/717/717 718/718/718
f 714/714/714 709/709/709 716/716/716
f 714/714/714 716/716/716 715/715/715
f 709/709/709 708/708/708 713/713/713
f 709/709/709 713/713/713 716/716/716
f 711/711/711 714/714/714 715/715/715
f 711/711/711 715/715/715 712/712/712
f 717/717/717 719/719/719 720/720/720
f 717/717/717 720/720/720 721/721/721
f 716/716/716 713/713/713 719/719/719
f 716/716/716 719/719/719 717/717/717
f 712/712/712 715/715/715 718/718/718
f 712/712/712 718/718/718 722/722/722
f 713/713/713 712/712/712 722/722/722
f 713/713/713 722/722/722 719/719/719
f 720/720/720 723/723/723 724/724/724
f 720/720/720 724/724/724 725/725/725
f 722/722/722 718/718/718 726/726/726
f 722/722/722 726/726/726 723/723/723
f 719/719/719 722/722/722 723/723/723
f 719/719/719 723/723/723 720/720/720
f 718/718/718 717/717/717 721/721/721
f 718/718/718 721/721/721 726/726/726
f 727/727/727 725/725/725 728/728/728
f 727/727/727 728/728/728 729/729/729
f 726/726/726 721/721/721 727/727/727
f 726/726/726 727/727/727 730/730/730
f 721/721/721 720/720/720 725/725/725
f 721/721/721 725/725/725 727/727/727
f 723/723/723 726/726/726 730/730/730
f 723/723/723 730/730/730 724/724/724
f 729/729/729 728/728/728 731/731/731
f 729/729/729 731/731/731 732/732/732
f 724/724/724 730/730/730 733/733/733
f 724/724/724 733/733/733 734/734/734
f 725/725/725 724/724/724 734/734/734
f 725/725/725 734/734/734 728/728/728
f 730/730/730 727/727/727 729/729/729
f 730/730/730 729/729/729 733/733/733
f 735/735/735 732/732/732 731/731/731
f 735/735/735 731/731/731 736/736/736
f 734/734/734 733/733/733 735/735/735
f 734/734/734 735/735/735 736/736/736
f 728/728/728 734/734/734 736/736/736
f 728/728/728 736/736/736 731/731/731
f 733/733/733 729/729/729 732/732/732
f 733/733/733 732/732/732 735/735/735
f 737/737/737 738/738/738 739/739/739
f 737/737/737 739/739/739 740/740/740
f 738/738/738 741/741/741 742/742/742
f 738/738/738 742/742/742 739/739/739
f 741/741/741 743/743/743 744/744/744
f 741/741/741 744/744/744 742/742/742
f 743/743/743 737/737/737 740/740/740
f 743/743/743 740/740/740 744/744/744
f 743/743/743 745/745/745 746/746/746
f 743/743/743 746/746/746 737/737/737
f 742/742/742 744/744/744 740/740/740
f 742/742/742 740/740/740 739/739/739
f 747/747/747 748/748/748 749/749/749
f 747/747/747 749/749/749 745/745/745
f 738/738/738 750/750/750 747/747/747
f 738/738/738 747/747/747 741/741/741
f 737/737/737 746/746/746 750/750/750
f 737/737/737 750/750/750 738/738/738
f 741/741/741 747/747/747 745/745/745
f 741/741/741 745/745/745 743/743/743
f 749/749/749 751/751/751 752/752/752
f 749/749/749 752/752/752 753/753/753
f 746/746/746 753/753/753 754/754/754
f 746/746/746 754/754/754 750/750/750
f 745/745/745 749/749/749 753/753/753
f 745/745/745 753/753/753 746/746/746
f 750/750/750 754/754/754 748/748/748
f 750/750/750 748/748/748 747/747/747
f 755/755/755 756/756/756 757/757/757
f 755/755/755 757/757/757 751/751/751
f 754/754/754 758/758/758 755/755/755
f 754/754/754 755/755/755 748/748/748
f 748/748/748 755/755/755 751/751/751
f 748/748/748 751/751/751 749/749/749
f 753/753/753 752/752/752 758/758/758
f 753/753/753 758/758/758 754/754/754
f 757/757/757 759/759/759 760/760/760
f 757/757/757 760/760/760 761/761/761
f 752/752/752 761/761/761 762/762/762
f 752/752/752 762/762/762 758/758/758
f 751/751/751 757/757/757 761/761/761
f 751/751/751 761/761/761 752/752/752
f 758/758/758 762/762/762 756/756/756
f 758/758/758 756/756/756 755/755/755
f 763/763/763 764/764/764 765/765/765
f 763/763/763 765/765/765 759/759/759
f 762/762/762 766/766/766 763/763/763
f 762/762/762 763/763/763 756/756/756
f 756/756/756 763/763/763 759/759/759
f 756/756/756 759/759/759 757/757/757
f 761/761/761 760/760/760 766/766/766
f 761/761/761 766/766/766 762/762/762
f 765/765/765 767/767/767 768/768/768
f 765/765/765 768/768/768 769/769/769
f 760/760/760 769/769/769 770/770/770
f 760/760/760 770/770/770 766/766/766
f 759/759/759 765/765/765 769/769/769
f 759/759/759 769/769/769 760/760/760
f 766/766/766 770/770/770 764/764/764
f 766/766/766 764/764/764 763/763/763
f 771/771/771 772/772/772 773/773/773
f 771/771/771 773/773/773 774/774/774
f 770/770/770 771/771/771 774/774/774
f 770/770/770 774/774/774 764/764/764
f 764/764/764 774/774/774 767/767/767
f 764/764/764 767/767/767 765/765/765
f 769/769/769 768/768/768 771/771/771
f 769/769/769 771/771/771 770/770/770
f 773/773/773 775/775/775 776/776/776
f 773/773/773 776/776/776 777/777/777
f 774/774/774 773/773/773 777/777/777
f 774/774/774 777/777/777 767/767/767
f 768/768/768 778/778/778 772/772/772
f 768/768/768 772/772/772 771/771/771
f 767/767/767 777/777/777 778/778/778
f 767/767/767 778/778/778 768/768/768
f 776/776/776 779/779/779 780/780/780
f 776/776/776 780/780/780 781/781/781
f 778/778/778 781/781/781 782/782/782
f 778/778/778 782/782/782 772/772/772
f 777/777/777 776/776/776 781/781/781
f 777/777/777 781/781/781 778/778/778
f 772/772/772 782/782/782 775/775/775
f 772/772/772 775/775/775 773/773/773
f 783/783/783 784/784/784 785/785/785
f 783/783/783 785/785/785 779/779/779
f 782/782/782 786/786/786 783/783/783
f 782/782/782 783/783/783 775/775/775
f 775/775/775 783/783/783 779/779/779
f 775/775/775 779/779/779 776/776/776
f 781/781/781 780/780/780 786/786/786
f 781/781/781 786/786/786 782/782/782
f 784/784/784 787/787/787 788/788/788
f 784/784/784 788/788/788 785/785/785
f 780/780/780 789/789/789 790/790/790
f 780/780/780 790/790/790 786/786/786
f 779/779/779 785/785/785 789/789/789
f 779/779/779 789/789/789 780/780/780
f 786/786/786 790/790/790 784/784/784
f 786/786/786 784/784/784 783/783/783
f 791/791/791 792/792/792 788/788/788
f 791/791/791 788/788/788 787/787/787
f 789/789/789 792/792/792 791/791/791
f 789/789/789 791/791/791 790/790/790
f 785/785/785 788/788/788 792/792/792
f 785/785/785 792/792/792 789/789/789
f 790/790/790 791/791/791 787/787/787
f 790/790/790 787/787/787 784/784/784
o mesh_0_1
# --- Вершины Левого Глаза (индексы 1349-1368) ---
v -0.480 0.528 1.196
v -0.480 0.528 1.084
v -0.480 0.232 1.196
v -0.480 0.232 1.084
v -0.424 0.380 1.288
v -0.424 0.380 0.992
v -0.536 0.380 1.288
v -0.536 0.380 0.992
v -0.332 0.436 1.140
v -0.332 0.324 1.140
v -0.628 0.436 1.140
v -0.628 0.324 1.140
v -0.389 0.471 1.231
v -0.389 0.471 1.049
v -0.389 0.289 1.231
v -0.389 0.289 1.049
v -0.571 0.471 1.231
v -0.571 0.471 1.049
v -0.571 0.289 1.231
v -0.571 0.289 1.049

# --- Вершины Правого Глаза (индексы 1369-1388) ---
v 0.480 0.528 1.196
v 0.480 0.528 1.084
v 0.480 0.232 1.196
v 0.480 0.232 1.084
v 0.536 0.380 1.288
v 0.536 0.380 0.992
v 0.424 0.380 1.288
v 0.424 0.380 0.992
v 0.628 0.436 1.140
v 0.628 0.324 1.140
v 0.332 0.436 1.140
v 0.332 0.324 1.140
v 0.571 0.471 1.231
v 0.571 0.471 1.049
v 0.571 0.289 1.231
v 0.571 0.289 1.049
v 0.389 0.471 1.231
v 0.389 0.471 1.049
v 0.389 0.289 1.231
v 0.389 0.289 1.049

# --- Треугольники Левого Глаза ---
f 1349 1357 1359
f 1349 1359 1351
f 1349 1351 1365
f 1349 1365 1366
f 1349 1366 1350
f 1349 1350 1361
f 1349 1361 1357
f 1350 1366 1368
f 1350 1368 1352
f 1350 1352 1364
f 1350 1364 1362
f 1350 1362 1361
f 1351 1359 1355
f 1351 1355 1363
f 1351 1363 1367
f 1351 1367 1365
f 1352 1368 1360
f 1352 1360 1354
f 1352 1354 1362
f 1353 1355 1359
f 1353 1359 1357
f 1353 1357 1361
f 1353 1361 1363
f 1353 1363 1355
f 1354 1360 1358
f 1354 1358 1356
f 1354 1356 1362
f 1355 1353 1363
f 1356 1358 1360
f 1357 1353 1359
f 1358 1367 1363
f 1358 1363 1356
f 1364 1352 1354
f 1365 1367 1363
f 1365 1363 1361
f 1366 1365 1361

# --- Треугольники Правого Глаза ---
f 1369 1377 1379
f 1369 1379 1371
f 1369 1371 1385
f 1369 1385 1386
f 1369 1386 1370
f 1369 1370 1381
f 1369 1381 1377
f 1370 1386 1388
f 1370 1388 1372
f 1370 1372 1384
f 1370 1384 1382
f 1370 1382 1381
f 1371 1379 1375
f 1371 1375 1383
f 1371 1383 1387
f 1371 1387 1385
f 1372 1388 1380
f 1372 1380 1374
f 1372 1374 1382
f 1373 1375 1379
f 1373 1379 1377
f 1373 1377 1381
f 1373 1381 1383
f 1373 1383 1375
f 1374 1380 1378
f 1374 1378 1376
f 1374 1376 1382
f 1375 1373 1383
f 1376 1378 1380
f 1377 1373 1379
f 1378 1387 1383
f 1378 1383 1376
f 1384 1372 1374
f 1385 1387 1383
f 1385 1383 1381
f 1386 1385 1381